Workbook

Sheet Scoring Rules
A1: Outcome | B1: Points | C1: Potential points
A2: Correctly guessing Win/Loss/Draw of Group Stage: | B2: +1 | C2: 48
A3: Correctly guessing score of game in Group Stage: | B3: +2 | C3: 96
A4: Correctly picking group winner (A-H) | B4: +2 | C4: 16
A5: Correctly picking each non-winning group place | B5: +1 | C5: 24
A6: Correctly picking each team in round 16 | B6: +1 | C6: 16
A7: Correctly picking each team in round of 8 | B7: +4 | C7: 32
A8: Correctly picking each semi-final player | B8: +8 | C8: 32
A9: Correctly picking each final team | B9: +16 | C9: 32
A10: Correctly picking World Cup Winner | B10: +32 | C10: 32
A11: BONUS 1: Correctly picking top Goalscorer | B11: +15 | C11: 15
A12: BONUS 2: Correctly picking G | B12: +15 | C12: 15
A13: BONUS 3: Correctly picking number of goals scored in 3rd place match | B13: +10 | C13: 10
A14: TOTAL | C14: =SUM(C2:C13) -> 368

Sheet Group Stage
A1: Match | B1: Home | C1: Away | D1: Home Goals | E1: Away Goals | F1: Result (H, A, D) | H1: Self check
A2: 1 | B2: Russia | C2: Saudi Arabia | D2: 5 | E2: 0 | F2: =IF(D2>E2,"H",IF(D2<E2,"A","D")) -> H | H2: Home | I2: =COUNTIF(F2:F49,"H") -> 21
A3: 2 | B3: Egypt | C3: Uruguay | D3: 1 | E3: 2 | F3: =IF(D3>E3,"H",IF(D3<E3,"A","D")) -> A | H3: Away | I3: =COUNTIF(F2:F49,"A") -> 14
A4: 3 | B4: Morocco | C4: Iran | D4: 1 | E4: 0 | F4: =IF(D4>E4,"H",IF(D4<E4,"A","D")) -> H | H4: Draw | I4: =COUNTIF(F2:F49,"D") -> 13
A5: 4 | B5: Portugal | C5: Spain | D5: 0 | E5: 1 | F5: =IF(D5>E5,"H",IF(D5<E5,"A","D")) -> A | H5: TOTAL | I5: =SUM(I2:I4) -> 48
A6: 5 | B6: France | C6: Australia | D6: 3 | E6: 0 | F6: =IF(D6>E6,"H",IF(D6<E6,"A","D")) -> H
A7: 6 | B7: Argentina | C7: Iceland | D7: 1 | E7: 0 | F7: =IF(D7>E7,"H",IF(D7<E7,"A","D")) -> H
A8: 7 | B8: Peru | C8: Denmark | D8: 0 | E8: 0 | F8: =IF(D8>E8,"H",IF(D8<E8,"A","D")) -> D
A9: 8 | B9: Croatia | C9: Nigeria | D9: 0 | E9: 0 | F9: =IF(D9>E9,"H",IF(D9<E9,"A","D")) -> D
A10: 9 | B10: Costa Rica | C10: Serbia | D10: 0 | E10: 1 | F10: =IF(D10>E10,"H",IF(D10<E10,"A","D")) -> A
A11: 10 | B11: Germany | C11: Mexico | D11: 2 | E11: 0 | F11: =IF(D11>E11,"H",IF(D11<E11,"A","D")) -> H
A12: 11 | B12: Brazil | C12: Switzerland | D12: 3 | E12: 1 | F12: =IF(D12>E12,"H",IF(D12<E12,"A","D")) -> H
A13: 12 | B13: Sweden | C13: South Korea | D13: 2 | E13: 1 | F13: =IF(D13>E13,"H",IF(D13<E13,"A","D")) -> H
A14: 13 | B14: Belgium | C14: Panama | D14: 3 | E14: 0 | F14: =IF(D14>E14,"H",IF(D14<E14,"A","D")) -> H
A15: 14 | B15: Tunisia | C15: England | D15: 0 | E15: 2 | F15: =IF(D15>E15,"H",IF(D15<E15,"A","D")) -> A
A16: 15 | B16: Colombia | C16: Japan | D16: 2 | E16: 1 | F16: =IF(D16>E16,"H",IF(D16<E16,"A","D")) -> H
A17: 16 | B17: Poland | C17: Senegal | D17: 2 | E17: 2 | F17: =IF(D17>E17,"H",IF(D17<E17,"A","D")) -> D
... A49: 48 | B49: Panama | C49: Tunisia | D49: 0 | E49: 0 | F49: =IF(D49>E49,"H",IF(D49<E49,"A","D")) -> D

Sheet Elimination Rounds
A1: Team | B1: Code | C1: Group | D1: Group Finish | E1: Round of 16 | F1: Quarter Finals | G1: Semi Finals | H1: Final | I1: Winner
A2: Egypt | B2: =C2&D2 -> A3 | C2: A | D2: 3 | E2: =IF(D2<3,1,"")
A3: Russia | B3: =C3&D3 -> A1 | C3: A | D3: 1 | E3: =IF(D3<3,1,"") -> 1 | F3: 1
A4: Saudi Arabia | B4: =C4&D4 -> A4 | C4: A | D4: 4 | E4: =IF(D4<3,1,"")
A5: Uruguay | B5: =C5&D5 -> A2 | C5: A | D5: 2 | E5: =IF(D5<3,1,"") -> 1
A6: Iran | B6: =C6&D6 -> B4 | C6: B | D6: 4 | E6: =IF(D6<3,1,"")
A7: Morocco | B7: =C7&D7 -> B3 | C7: B | D7: 3 | E7: =IF(D7<3,1,"")
A8: Portugal | B8: =C8&D8 -> B2 | C8: B | D8: 2 | E8: =IF(D8<3,1,"") -> 1
A9: Spain | B9: =C9&D9 -> B1 | C9: B | D9: 1 | E9: =IF(D9<3,1,"") -> 1 | F9: 1 | G9: 1
A10: Australia | B10: =C10&D10 -> C4 | C10: C | D10: 4 | E10: =IF(D10<3,1,"")
A11: Denmark | B11: =C11&D11 -> C3 | C11: C | D11: 3 | E11: =IF(D11<3,1,"")
A12: France | B12: =C12&D12 -> C1 | C12: C | D12: 1 | E12: =IF(D12<3,1,"") -> 1 | F12: 1 | G12: 1
A13: Peru | B13: =C13&D13 -> C2 | C13: C | D13: 2 | E13: =IF(D13<3,1,"") -> 1
A14: Argentina | B14: =C14&D14 -> D1 | C14: D | D14: 1 | E14: =IF(D14<3,1,"") -> 1 | F14: 1
A15: Croatia | B15: =C15&D15 -> D3 | C15: D | D15: 3 | E15: =IF(D15<3,1,"")
A16: Iceland | B16: =C16&D16 -> D2 | C16: D | D16: 2 | E16: =IF(D16<3,1,"") -> 1
A17: Nigeria | B17: =C17&D17 -> D4 | C17: D | D17: 4 | E17: =IF(D17<3,1,"")
A18: Brazil | B18: =C18&D18 -> E1 | C18: E | D18: 1 | E18: =IF(D18<3,1,"") -> 1 | F18: 1 | G18: 1 | H18: 1 | I18: 1
A19: Costa Rica | B19: =C19&D19 -> E4 | C19: E | D19: 4 | E19: =IF(D19<3,1,"")
A20: Serbia | B20: =C20&D20 -> E2 | C20: E | D20: 2 | E20: =IF(D20<3,1,"") -> 1
A21: Switzerland | B21: =C21&D21 -> E3 | C21: E | D21: 3 | E21: =IF(D21<3,1,"")
A22: Germany | B22: =C22&D22 -> F1 | C22: F | D22: 1 | E22: =IF(D22<3,1,"") -> 1 | F22: 1 | G22: 1 | H22: 1
A23: Mexico | B23: =C23&D23 -> F2 | C23: F | D23: 2 | E23: =IF(D23<3,1,"") -> 1
A24: South Korea | B24: =C24&D24 -> F4 | C24: F | D24: 4 | E24: =IF(D24<3,1,"")
A25: Sweden | B25: =C25&D25 -> F3 | C25: F | D25: 3 | E25: =IF(D25<3,1,"")
A26: Belgium | B26: =C26&D26 -> G1 | C26: G | D26: 1 | E26: =IF(D26<3,1,"") -> 1 | F26: 1
A27: England | B27: =C27&D27 -> G2 | C27: G | D27: 2 | E27: =IF(D27<3,1,"") -> 1
A28: Panama | B28: =C28&D28 -> G3 | C28: G | D28: 3 | E28: =IF(D28<3,1,"")
A29: Tunisia | B29: =C29&D29 -> G4 | C29: G | D29: 4 | E29: =IF(D29<3,1,"")
A30: Colombia | B30: =C30&D30 -> H1 | C30: H | D30: 1 | E30: =IF(D30<3,1,"") -> 1 | F30: 1
A31: Japan | B31: =C31&D31 -> H3 | C31: H | D31: 3 | E31: =IF(D31<3,1,"")
A32: Poland | B32: =C32&D32 -> H2 | C32: H | D32: 2 | E32: =IF(D32<3,1,"") -> 1
A33: Senegal | B33: =C33&D33 -> H4 | C33: H | D33: 4 | E33: =IF(D33<3,1,"")

Sheet Goals Scored
A1: Top goalscorer: | B1: Neymar
A2: Number of goals by top goalscorer (player irrelevant): | B2: 6
A3: Number of goals scored in third place game: | B3: 4

Sheet Checks
A1: GROUP CHECK | B1: 1 | C1: 2 | D1: 3 | E1: 4 | G1: ROUND OF 16 CHECK | H1: =IF(SUM('Elimination Rounds'!E2:E33)=16,"OK","DID NOT SELECT CORRECT NUMBER") -> OK | I1: :16 | K1: # Blank fields in goals scored | L1: =COUNTIF('Goals Scored'!B1:B3,"") -> 0
A2: A | B2: =IF(ISNA(OFFSET('Elimination Rounds'!$A$1,MATCH($A2&B$1,'Elimination Rounds'!$B$2:$B$33,0),0)),"Choice not made!",OFFSET('Elimination Rounds'!$A$1,MATCH($A2&B$1,'Elimination Rounds'!$B$2:$B$33,0),0)) -> Russia | C2: =IF(ISNA(OFFSET('Elimination Rounds'!$A$1,MATCH($A2&C$1,'Elimination Rounds'!$B$2:$B$33,0),0)),"Choice not made!",OFFSET('Elimination Rounds'!$A$1,MATCH($A2&C$1,'Elimination Rounds'!$B$2:$B$33,0),0)) -> Uruguay | D2: =IF(ISNA(OFFSET('Elimination Rounds'!$A$1,MATCH($A2&D$1,'Elimination Rounds'!$B$2:$B$33,0),0)),"Choice not made!",OFFSET('Elimination Rounds'!$A$1,MATCH($A2&D$1,'Elimination Rounds'!$B$2:$B$33,0),0)) -> Egypt | E2: =IF(ISNA(OFFSET('Elimination Rounds'!$A$1,MATCH($A2&E$1,'Elimination Rounds'!$B$2:$B$33,0),0)),"Choice not made!",OFFSET('Elimination Rounds'!$A$1,MATCH($A2&E$1,'Elimination Rounds'!$B$2:$B$33,0),0)) -> Saudi Arabia | G2: QUARTERFINALS | H2: =IF(SUM('Elimination Rounds'!F2:F33)=8,"OK","DID NOT SELECT CORRECT NUMBER") -> OK | I2: :8
A3: B | B3: =IF(ISNA(OFFSET('Elimination Rounds'!$A$1,MATCH($A3&B$1,'Elimination Rounds'!$B$2:$B$33,0),0)),"Choice not made!",OFFSET('Elimination Rounds'!$A$1,MATCH($A3&B$1,'Elimination Rounds'!$B$2:$B$33,0),0)) -> Spain | C3: =IF(ISNA(OFFSET('Elimination Rounds'!$A$1,MATCH($A3&C$1,'Elimination Rounds'!$B$2:$B$33,0),0)),"Choice not made!",OFFSET('Elimination Rounds'!$A$1,MATCH($A3&C$1,'Elimination Rounds'!$B$2:$B$33,0),0)) -> Portugal | D3: =IF(ISNA(OFFSET('Elimination Rounds'!$A$1,MATCH($A3&D$1,'Elimination Rounds'!$B$2:$B$33,0),0)),"Choice not made!",OFFSET('Elimination Rounds'!$A$1,MATCH($A3&D$1,'Elimination Rounds'!$B$2:$B$33,0),0)) -> Morocco | E3: =IF(ISNA(OFFSET('Elimination Rounds'!$A$1,MATCH($A3&E$1,'Elimination Rounds'!$B$2:$B$33,0),0)),"Choice not made!",OFFSET('Elimination Rounds'!$A$1,MATCH($A3&E$1,'Elimination Rounds'!$B$2:$B$33,0),0)) -> Iran | G3: SEMIFINALS | H3: =IF(SUM('Elimination Rounds'!G2:G33)=4,"OK","DID NOT SELECT CORRECT NUMBER") -> OK | I3: :4
A4: C | B4: =IF(ISNA(OFFSET('Elimination Rounds'!$A$1,MATCH($A4&B$1,'Elimination Rounds'!$B$2:$B$33,0),0)),"Choice not made!",OFFSET('Elimination Rounds'!$A$1,MATCH($A4&B$1,'Elimination Rounds'!$B$2:$B$33,0),0)) -> France | C4: =IF(ISNA(OFFSET('Elimination Rounds'!$A$1,MATCH($A4&C$1,'Elimination Rounds'!$B$2:$B$33,0),0)),"Choice not made!",OFFSET('Elimination Rounds'!$A$1,MATCH($A4&C$1,'Elimination Rounds'!$B$2:$B$33,0),0)) -> Peru | D4: =IF(ISNA(OFFSET('Elimination Rounds'!$A$1,MATCH($A4&D$1,'Elimination Rounds'!$B$2:$B$33,0),0)),"Choice not made!",OFFSET('Elimination Rounds'!$A$1,MATCH($A4&D$1,'Elimination Rounds'!$B$2:$B$33,0),0)) -> Denmark | E4: =IF(ISNA(OFFSET('Elimination Rounds'!$A$1,MATCH($A4&E$1,'Elimination Rounds'!$B$2:$B$33,0),0)),"Choice not made!",OFFSET('Elimination Rounds'!$A$1,MATCH($A4&E$1,'Elimination Rounds'!$B$2:$B$33,0),0)) -> Australia | G4: FINAL | H4: =IF(SUM('Elimination Rounds'!H2:H33)=2,"OK","DID NOT SELECT CORRECT NUMBER") -> OK | I4: :2
A5: D | B5: =IF(ISNA(OFFSET('Elimination Rounds'!$A$1,MATCH($A5&B$1,'Elimination Rounds'!$B$2:$B$33,0),0)),"Choice not made!",OFFSET('Elimination Rounds'!$A$1,MATCH($A5&B$1,'Elimination Rounds'!$B$2:$B$33,0),0)) -> Argentina | C5: =IF(ISNA(OFFSET('Elimination Rounds'!$A$1,MATCH($A5&C$1,'Elimination Rounds'!$B$2:$B$33,0),0)),"Choice not made!",OFFSET('Elimination Rounds'!$A$1,MATCH($A5&C$1,'Elimination Rounds'!$B$2:$B$33,0),0)) -> Iceland | D5: =IF(ISNA(OFFSET('Elimination Rounds'!$A$1,MATCH($A5&D$1,'Elimination Rounds'!$B$2:$B$33,0),0)),"Choice not made!",OFFSET('Elimination Rounds'!$A$1,MATCH($A5&D$1,'Elimination Rounds'!$B$2:$B$33,0),0)) -> Croatia | E5: =IF(ISNA(OFFSET('Elimination Rounds'!$A$1,MATCH($A5&E$1,'Elimination Rounds'!$B$2:$B$33,0),0)),"Choice not made!",OFFSET('Elimination Rounds'!$A$1,MATCH($A5&E$1,'Elimination Rounds'!$B$2:$B$33,0),0)) -> Nigeria | G5: WINNER | H5: =IF(SUM('Elimination Rounds'!I2:I33)=1,"OK","DID NOT SELECT CORRECT NUMBER") -> OK | I5: :1
A6: E | B6: =IF(ISNA(OFFSET('Elimination Rounds'!$A$1,MATCH($A6&B$1,'Elimination Rounds'!$B$2:$B$33,0),0)),"Choice not made!",OFFSET('Elimination Rounds'!$A$1,MATCH($A6&B$1,'Elimination Rounds'!$B$2:$B$33,0),0)) -> Brazil | C6: =IF(ISNA(OFFSET('Elimination Rounds'!$A$1,MATCH($A6&C$1,'Elimination Rounds'!$B$2:$B$33,0),0)),"Choice not made!",OFFSET('Elimination Rounds'!$A$1,MATCH($A6&C$1,'Elimination Rounds'!$B$2:$B$33,0),0)) -> Serbia | D6: =IF(ISNA(OFFSET('Elimination Rounds'!$A$1,MATCH($A6&D$1,'Elimination Rounds'!$B$2:$B$33,0),0)),"Choice not made!",OFFSET('Elimination Rounds'!$A$1,MATCH($A6&D$1,'Elimination Rounds'!$B$2:$B$33,0),0)) -> Switzerland | E6: =IF(ISNA(OFFSET('Elimination Rounds'!$A$1,MATCH($A6&E$1,'Elimination Rounds'!$B$2:$B$33,0),0)),"Choice not made!",OFFSET('Elimination Rounds'!$A$1,MATCH($A6&E$1,'Elimination Rounds'!$B$2:$B$33,0),0)) -> Costa Rica
A7: F | B7: =IF(ISNA(OFFSET('Elimination Rounds'!$A$1,MATCH($A7&B$1,'Elimination Rounds'!$B$2:$B$33,0),0)),"Choice not made!",OFFSET('Elimination Rounds'!$A$1,MATCH($A7&B$1,'Elimination Rounds'!$B$2:$B$33,0),0)) -> Germany | C7: =IF(ISNA(OFFSET('Elimination Rounds'!$A$1,MATCH($A7&C$1,'Elimination Rounds'!$B$2:$B$33,0),0)),"Choice not made!",OFFSET('Elimination Rounds'!$A$1,MATCH($A7&C$1,'Elimination Rounds'!$B$2:$B$33,0),0)) -> Mexico | D7: =IF(ISNA(OFFSET('Elimination Rounds'!$A$1,MATCH($A7&D$1,'Elimination Rounds'!$B$2:$B$33,0),0)),"Choice not made!",OFFSET('Elimination Rounds'!$A$1,MATCH($A7&D$1,'Elimination Rounds'!$B$2:$B$33,0),0)) -> Sweden | E7: =IF(ISNA(OFFSET('Elimination Rounds'!$A$1,MATCH($A7&E$1,'Elimination Rounds'!$B$2:$B$33,0),0)),"Choice not made!",OFFSET('Elimination Rounds'!$A$1,MATCH($A7&E$1,'Elimination Rounds'!$B$2:$B$33,0),0)) -> South Korea
A8: G | B8: =IF(ISNA(OFFSET('Elimination Rounds'!$A$1,MATCH($A8&B$1,'Elimination Rounds'!$B$2:$B$33,0),0)),"Choice not made!",OFFSET('Elimination Rounds'!$A$1,MATCH($A8&B$1,'Elimination Rounds'!$B$2:$B$33,0),0)) -> Belgium | C8: =IF(ISNA(OFFSET('Elimination Rounds'!$A$1,MATCH($A8&C$1,'Elimination Rounds'!$B$2:$B$33,0),0)),"Choice not made!",OFFSET('Elimination Rounds'!$A$1,MATCH($A8&C$1,'Elimination Rounds'!$B$2:$B$33,0),0)) -> England | D8: =IF(ISNA(OFFSET('Elimination Rounds'!$A$1,MATCH($A8&D$1,'Elimination Rounds'!$B$2:$B$33,0),0)),"Choice not made!",OFFSET('Elimination Rounds'!$A$1,MATCH($A8&D$1,'Elimination Rounds'!$B$2:$B$33,0),0)) -> Panama | E8: =IF(ISNA(OFFSET('Elimination Rounds'!$A$1,MATCH($A8&E$1,'Elimination Rounds'!$B$2:$B$33,0),0)),"Choice not made!",OFFSET('Elimination Rounds'!$A$1,MATCH($A8&E$1,'Elimination Rounds'!$B$2:$B$33,0),0)) -> Tunisia
A9: H | B9: =IF(ISNA(OFFSET('Elimination Rounds'!$A$1,MATCH($A9&B$1,'Elimination Rounds'!$B$2:$B$33,0),0)),"Choice not made!",OFFSET('Elimination Rounds'!$A$1,MATCH($A9&B$1,'Elimination Rounds'!$B$2:$B$33,0),0)) -> Colombia | C9: =IF(ISNA(OFFSET('Elimination Rounds'!$A$1,MATCH($A9&C$1,'Elimination Rounds'!$B$2:$B$33,0),0)),"Choice not made!",OFFSET('Elimination Rounds'!$A$1,MATCH($A9&C$1,'Elimination Rounds'!$B$2:$B$33,0),0)) -> Poland | D9: =IF(ISNA(OFFSET('Elimination Rounds'!$A$1,MATCH($A9&D$1,'Elimination Rounds'!$B$2:$B$33,0),0)),"Choice not made!",OFFSET('Elimination Rounds'!$A$1,MATCH($A9&D$1,'Elimination Rounds'!$B$2:$B$33,0),0)) -> Japan | E9: =IF(ISNA(OFFSET('Elimination Rounds'!$A$1,MATCH($A9&E$1,'Elimination Rounds'!$B$2:$B$33,0),0)),"Choice not made!",OFFSET('Elimination Rounds'!$A$1,MATCH($A9&E$1,'Elimination Rounds'!$B$2:$B$33,0),0)) -> Senegal
A12: TOTAL ERRORS | B12: =COUNTIF(B2:E9,"Choice not made!")+COUNTIF(H1:H5,"DID NOT SELECT CORRECT NUMBER")+L1 -> 0
A17: =IF(B12=0,"GOOD TO GO!","NOT READY TO SUBMIT (SEE ERRORS ABOVE)") -> GOOD TO GO!
