Workbook

Sheet Scoring Rules
A1: Outcome | B1: Points | C1: Potential points
A2: Correctly guessing Win/Loss/Draw of Group Stage: | B2: +1 | C2: 48
A3: Correctly guessing score of game in Group Stage: | B3: +1 | C3: 48
A4: Correctly picking group winner (A-H) | B4: +2 | C4: 16
A5: Correctly picking each non-winning group place | B5: +1 | C5: 24
A6: Correctly picking each team in round 16 (this doesn't have to match your group places---you can pick 3 from a single group) | B6: +1 | C6: 16
A7: Correctly picking each team in round of 8 | B7: +4 | C7: 32
A8: Correctly picking each semi-final team | B8: +8 | C8: 32
A9: Correctly picking each final team | B9: +16 | C9: 32
A10: Correctly picking World Cup Winner | B10: +32 | C10: 32
A11: Correctly picking top goalscorer | B11: +15 | C11: 15
A12: TOTAL | C12: =SUM(C2:C11) -> 295
A14: NOTES:
A15: 1/ GROUP STAGE: Fill out the group stage winner by selecting the home team to win, away team or draw by putting H/A/D
A16: 2/ GROUP STAGE [OPTIONAL]: Fill out the scores (or leave them blank and I'll make all your winners either 2-1 and 1-0 and your draws 0-0 or 1-1
A17: 3/ ELIMINATION ROUND: Fill out the place rankings of each group, pick 16 teams to make the top 16, 8 teams for the quarter final, etc.
A18: 4/ GOLDEN BOOT: Pick who gets the most goals (golden boot)
A19: 5/ CHECKS: Automated checks will tell you if you filled out group stage and elimination round correctly, or have too many listed.

Sheet Group Stage
A1: Match | B1: Home | C1: Away | D1: Home Goals | E1: Away Goals | F1: Winner (H, A, D)=(Home, Away, Draw) | H1: Self check
A2: 1 | B2: Qatar | C2: Ecuador | F2: H | H2: Home | I2: =COUNTIF(F2:F49,"H") -> 29
A3: 2 | B3: England | C3: Iran | F3: H | H3: Away | I3: =COUNTIF(F2:F49,"A") -> 15
A4: 3 | B4: Senegal | C4: Netherlands | F4: A | H4: Draw | I4: =COUNTIF(F2:F49,"D") -> 4
A5: 4 | B5: USA | C5: Wales | F5: H | H5: TOTAL | I5: =SUM(I2:I4) -> 48
A6: 5 | B6: Argentina | C6: Saudi Arabia | F6: H
A7: 6 | B7: Denmark | C7: Tunisia | F7: H
A8: 7 | B8: Mexico | C8: Poland | F8: A
A9: 8 | B9: France | C9: Australia | F9: A
A10: 9 | B10: Morocco | C10: Croatia | F10: A
A11: 10 | B11: Germany | C11: Japan | F11: H
A12: 11 | B12: Spain | C12: Costa Rica | F12: H
A13: 12 | B13: Belgium | C13: Canada | F13: H
A14: 13 | B14: Switzerland | C14: Cameroon | F14: H
A15: 14 | B15: Uruguay | C15: South Korea | F15: H
A16: 15 | B16: Portugal | C16: Ghana | F16: H
A17: 16 | B17: Brazil | C17: Serbia | F17: H
... A35: 34 | B35: Netherlands | C35: Qatar | F35: H
A36: 35 | B36: Iran | C36: USA | F36: =IF(D36>E36,"H",IF(D36<E36,"A","D")) -> D
A37: 36 | B37: Wales | C37: England | F37: A
A38: 37 | B38: Tunisia | C38: France | F38: =IF(D38>E38,"H",IF(D38<E38,"A","D")) -> D
A39: 38 | B39: Australia | C39: Denmark | F39: H
A40: 39 | B40: Poland | C40: Argentina | F40: A
A41: 40 | B41: Saudi Arabia | C41: Mexico | F41: A
A42: 41 | B42: Croatia | C42: Belgium | F42: H
A43: 42 | B43: Canada | C43: Morocco | F43: D
A44: 43 | B44: Japan | C44: Spain | F44: =IF(D44>E44,"H",IF(D44<E44,"A","D")) -> D
A45: 44 | B45: Costa Rica | C45: Germany | F45: A
A46: 45 | B46: South Korea | C46: Portugal | F46: A
A47: 46 | B47: Ghana | C47: Uruguay | F47: A
A48: 47 | B48: Serbia | C48: Switzerland | F48: A
A49: 48 | B49: Cameroon | C49: Brazil | F49: A

Sheet Elimination Rounds
A1: Team | B1: Code | C1: Group | D1: Group Finish | E1: Round of 16 | F1: Quarter Finals | G1: Semi Finals | H1: Final | I1: Winner
A2: Qatar | B2: =C2&D2 -> A2 | C2: A | D2: 2 | E2: =IF(D2<3,1,"") -> 1
A3: Ecuador | B3: =C3&D3 -> A3 | C3: A | D3: 3 | E3: =IF(D3<3,1,"")
A4: Senegal | B4: =C4&D4 -> A4 | C4: A | D4: 4 | E4: =IF(D4<3,1,"")
A5: Netherlands | B5: =C5&D5 -> A1 | C5: A | D5: 1 | E5: =IF(D5<3,1,"") -> 1 | F5: 1 | G5: 1 | H5: 1
A6: England | B6: =C6&D6 -> B1 | C6: B | D6: 1 | E6: =IF(D6<3,1,"") -> 1 | F6: 1
A7: Iran | B7: =C7&D7 -> B4 | C7: B | D7: 4 | E7: =IF(D7<3,1,"")
A8: USA | B8: =C8&D8 -> B2 | C8: B | D8: 2 | E8: =IF(D8<3,1,"") -> 1
A9: Wales | B9: =C9&D9 -> B3 | C9: B | D9: 3 | E9: =IF(D9<3,1,"")
A10: Argentina | B10: =C10&D10 -> C1 | C10: C | D10: 1 | E10: =IF(D10<3,1,"") -> 1 | F10: 1
A11: Saudi Arabia | B11: =C11&D11 -> C4 | C11: C | D11: 4 | E11: =IF(D11<3,1,"")
A12: Mexico | B12: =C12&D12 -> C3 | C12: C | D12: 3 | E12: =IF(D12<3,1,"")
A13: Poland | B13: =C13&D13 -> C2 | C13: C | D13: 2 | E13: =IF(D13<3,1,"") -> 1
A14: France | B14: =C14&D14 -> D2 | C14: D | D14: 2 | E14: =IF(D14<3,1,"") -> 1
A15: Australia | B15: =C15&D15 -> D1 | C15: D | D15: 1 | E15: =IF(D15<3,1,"") -> 1 | F15: 1 | G15: 1
A16: Denmark | B16: =C16&D16 -> D3 | C16: D | D16: 3 | E16: =IF(D16<3,1,"")
A17: Tunisia | B17: =C17&D17 -> D4 | C17: D | D17: 4 | E17: =IF(D17<3,1,"")
A18: Spain | B18: =C18&D18 -> E1 | C18: E | D18: 1 | E18: =IF(D18<3,1,"") -> 1
A19: Costa Rica | B19: =C19&D19 -> E3 | C19: E | D19: 3 | E19: =IF(D19<3,1,"")
A20: Germany | B20: =C20&D20 -> E2 | C20: E | D20: 2 | E20: =IF(D20<3,1,"") -> 1 | F20: 1
A21: Japan | B21: =C21&D21 -> E4 | C21: E | D21: 4 | E21: =IF(D21<3,1,"")
A22: Belgium | B22: =C22&D22 -> F1 | C22: F | D22: 1 | E22: =IF(D22<3,1,"") -> 1 | F22: 1 | G22: 1 | H22: 1 | I22: 1
A23: Canada | B23: =C23&D23 -> F2 | C23: F | D23: 2 | E23: =IF(D23<3,1,"") -> 1
A24: Morocco | B24: =C24&D24 -> F3 | C24: F | D24: 3 | E24: =IF(D24<3,1,"")
A25: Croatia | B25: =C25&D25 -> F4 | C25: F | D25: 4 | E25: =IF(D25<3,1,"")
A26: Brazil | B26: =C26&D26 -> G1 | C26: G | D26: 1 | E26: =IF(D26<3,1,"") -> 1 | F26: 1 | G26: 1
A27: Serbia | B27: =C27&D27 -> G2 | C27: G | D27: 2 | E27: =IF(D27<3,1,"") -> 1
A28: Switzerland | B28: =C28&D28 -> G4 | C28: G | D28: 4 | E28: =IF(D28<3,1,"")
A29: Cameroon | B29: =C29&D29 -> G3 | C29: G | D29: 3 | E29: =IF(D29<3,1,"")
A30: Portugal | B30: =C30&D30 -> H2 | C30: H | D30: 2 | E30: =IF(D30<3,1,"") -> 1 | F30: 1
A31: Ghana | B31: =C31&D31 -> H1 | C31: H | D31: 1 | E31: =IF(D31<3,1,"") -> 1
A32: Uruguay | B32: =C32&D32 -> H3 | C32: H | D32: 3 | E32: =IF(D32<3,1,"")
A33: South Korea | B33: =C33&D33 -> H4 | C33: H | D33: 4 | E33: =IF(D33<3,1,"")

Sheet Golden BOOT
A1: Top goalscorer: | B1: Kevin De Bruyne

Sheet Checks
A1: GROUP CHECK | B1: 1 | C1: 2 | D1: 3 | E1: 4 | G1: ROUND OF 16 CHECK | H1: =IF(SUM('Elimination Rounds'!E2:E33)=16,"OK","DID NOT SELECT CORRECT NUMBER") -> OK | I1: :16
A2: A | B2: =IF(ISNA(OFFSET('Elimination Rounds'!$A$1,MATCH($A2&B$1,'Elimination Rounds'!$B$2:$B$33,0),0)),"Choice not made!",OFFSET('Elimination Rounds'!$A$1,MATCH($A2&B$1,'Elimination Rounds'!$B$2:$B$33,0),0)) -> Netherlands | C2: =IF(ISNA(OFFSET('Elimination Rounds'!$A$1,MATCH($A2&C$1,'Elimination Rounds'!$B$2:$B$33,0),0)),"Choice not made!",OFFSET('Elimination Rounds'!$A$1,MATCH($A2&C$1,'Elimination Rounds'!$B$2:$B$33,0),0)) -> Qatar | D2: =IF(ISNA(OFFSET('Elimination Rounds'!$A$1,MATCH($A2&D$1,'Elimination Rounds'!$B$2:$B$33,0),0)),"Choice not made!",OFFSET('Elimination Rounds'!$A$1,MATCH($A2&D$1,'Elimination Rounds'!$B$2:$B$33,0),0)) -> Ecuador | E2: =IF(ISNA(OFFSET('Elimination Rounds'!$A$1,MATCH($A2&E$1,'Elimination Rounds'!$B$2:$B$33,0),0)),"Choice not made!",OFFSET('Elimination Rounds'!$A$1,MATCH($A2&E$1,'Elimination Rounds'!$B$2:$B$33,0),0)) -> Senegal | G2: QUARTERFINALS | H2: =IF(SUM('Elimination Rounds'!F2:F33)=8,"OK","DID NOT SELECT CORRECT NUMBER") -> OK | I2: :8
A3: B | B3: =IF(ISNA(OFFSET('Elimination Rounds'!$A$1,MATCH($A3&B$1,'Elimination Rounds'!$B$2:$B$33,0),0)),"Choice not made!",OFFSET('Elimination Rounds'!$A$1,MATCH($A3&B$1,'Elimination Rounds'!$B$2:$B$33,0),0)) -> England | C3: =IF(ISNA(OFFSET('Elimination Rounds'!$A$1,MATCH($A3&C$1,'Elimination Rounds'!$B$2:$B$33,0),0)),"Choice not made!",OFFSET('Elimination Rounds'!$A$1,MATCH($A3&C$1,'Elimination Rounds'!$B$2:$B$33,0),0)) -> USA | D3: =IF(ISNA(OFFSET('Elimination Rounds'!$A$1,MATCH($A3&D$1,'Elimination Rounds'!$B$2:$B$33,0),0)),"Choice not made!",OFFSET('Elimination Rounds'!$A$1,MATCH($A3&D$1,'Elimination Rounds'!$B$2:$B$33,0),0)) -> Wales | E3: =IF(ISNA(OFFSET('Elimination Rounds'!$A$1,MATCH($A3&E$1,'Elimination Rounds'!$B$2:$B$33,0),0)),"Choice not made!",OFFSET('Elimination Rounds'!$A$1,MATCH($A3&E$1,'Elimination Rounds'!$B$2:$B$33,0),0)) -> Iran | G3: SEMIFINALS | H3: =IF(SUM('Elimination Rounds'!G2:G33)=4,"OK","DID NOT SELECT CORRECT NUMBER") -> OK | I3: :4
A4: C | B4: =IF(ISNA(OFFSET('Elimination Rounds'!$A$1,MATCH($A4&B$1,'Elimination Rounds'!$B$2:$B$33,0),0)),"Choice not made!",OFFSET('Elimination Rounds'!$A$1,MATCH($A4&B$1,'Elimination Rounds'!$B$2:$B$33,0),0)) -> Argentina | C4: =IF(ISNA(OFFSET('Elimination Rounds'!$A$1,MATCH($A4&C$1,'Elimination Rounds'!$B$2:$B$33,0),0)),"Choice not made!",OFFSET('Elimination Rounds'!$A$1,MATCH($A4&C$1,'Elimination Rounds'!$B$2:$B$33,0),0)) -> Poland | D4: =IF(ISNA(OFFSET('Elimination Rounds'!$A$1,MATCH($A4&D$1,'Elimination Rounds'!$B$2:$B$33,0),0)),"Choice not made!",OFFSET('Elimination Rounds'!$A$1,MATCH($A4&D$1,'Elimination Rounds'!$B$2:$B$33,0),0)) -> Mexico | E4: =IF(ISNA(OFFSET('Elimination Rounds'!$A$1,MATCH($A4&E$1,'Elimination Rounds'!$B$2:$B$33,0),0)),"Choice not made!",OFFSET('Elimination Rounds'!$A$1,MATCH($A4&E$1,'Elimination Rounds'!$B$2:$B$33,0),0)) -> Saudi Arabia | G4: FINAL | H4: =IF(SUM('Elimination Rounds'!H2:H33)=2,"OK","DID NOT SELECT CORRECT NUMBER") -> OK | I4: :2
A5: D | B5: =IF(ISNA(OFFSET('Elimination Rounds'!$A$1,MATCH($A5&B$1,'Elimination Rounds'!$B$2:$B$33,0),0)),"Choice not made!",OFFSET('Elimination Rounds'!$A$1,MATCH($A5&B$1,'Elimination Rounds'!$B$2:$B$33,0),0)) -> Australia | C5: =IF(ISNA(OFFSET('Elimination Rounds'!$A$1,MATCH($A5&C$1,'Elimination Rounds'!$B$2:$B$33,0),0)),"Choice not made!",OFFSET('Elimination Rounds'!$A$1,MATCH($A5&C$1,'Elimination Rounds'!$B$2:$B$33,0),0)) -> France | D5: =IF(ISNA(OFFSET('Elimination Rounds'!$A$1,MATCH($A5&D$1,'Elimination Rounds'!$B$2:$B$33,0),0)),"Choice not made!",OFFSET('Elimination Rounds'!$A$1,MATCH($A5&D$1,'Elimination Rounds'!$B$2:$B$33,0),0)) -> Denmark | E5: =IF(ISNA(OFFSET('Elimination Rounds'!$A$1,MATCH($A5&E$1,'Elimination Rounds'!$B$2:$B$33,0),0)),"Choice not made!",OFFSET('Elimination Rounds'!$A$1,MATCH($A5&E$1,'Elimination Rounds'!$B$2:$B$33,0),0)) -> Tunisia | G5: WINNER | H5: =IF(SUM('Elimination Rounds'!I2:I33)=1,"OK","DID NOT SELECT CORRECT NUMBER") -> OK | I5: :1
A6: E | B6: =IF(ISNA(OFFSET('Elimination Rounds'!$A$1,MATCH($A6&B$1,'Elimination Rounds'!$B$2:$B$33,0),0)),"Choice not made!",OFFSET('Elimination Rounds'!$A$1,MATCH($A6&B$1,'Elimination Rounds'!$B$2:$B$33,0),0)) -> Spain | C6: =IF(ISNA(OFFSET('Elimination Rounds'!$A$1,MATCH($A6&C$1,'Elimination Rounds'!$B$2:$B$33,0),0)),"Choice not made!",OFFSET('Elimination Rounds'!$A$1,MATCH($A6&C$1,'Elimination Rounds'!$B$2:$B$33,0),0)) -> Germany | D6: =IF(ISNA(OFFSET('Elimination Rounds'!$A$1,MATCH($A6&D$1,'Elimination Rounds'!$B$2:$B$33,0),0)),"Choice not made!",OFFSET('Elimination Rounds'!$A$1,MATCH($A6&D$1,'Elimination Rounds'!$B$2:$B$33,0),0)) -> Costa Rica | E6: =IF(ISNA(OFFSET('Elimination Rounds'!$A$1,MATCH($A6&E$1,'Elimination Rounds'!$B$2:$B$33,0),0)),"Choice not made!",OFFSET('Elimination Rounds'!$A$1,MATCH($A6&E$1,'Elimination Rounds'!$B$2:$B$33,0),0)) -> Japan
A7: F | B7: =IF(ISNA(OFFSET('Elimination Rounds'!$A$1,MATCH($A7&B$1,'Elimination Rounds'!$B$2:$B$33,0),0)),"Choice not made!",OFFSET('Elimination Rounds'!$A$1,MATCH($A7&B$1,'Elimination Rounds'!$B$2:$B$33,0),0)) -> Belgium | C7: =IF(ISNA(OFFSET('Elimination Rounds'!$A$1,MATCH($A7&C$1,'Elimination Rounds'!$B$2:$B$33,0),0)),"Choice not made!",OFFSET('Elimination Rounds'!$A$1,MATCH($A7&C$1,'Elimination Rounds'!$B$2:$B$33,0),0)) -> Canada | D7: =IF(ISNA(OFFSET('Elimination Rounds'!$A$1,MATCH($A7&D$1,'Elimination Rounds'!$B$2:$B$33,0),0)),"Choice not made!",OFFSET('Elimination Rounds'!$A$1,MATCH($A7&D$1,'Elimination Rounds'!$B$2:$B$33,0),0)) -> Morocco | E7: =IF(ISNA(OFFSET('Elimination Rounds'!$A$1,MATCH($A7&E$1,'Elimination Rounds'!$B$2:$B$33,0),0)),"Choice not made!",OFFSET('Elimination Rounds'!$A$1,MATCH($A7&E$1,'Elimination Rounds'!$B$2:$B$33,0),0)) -> Croatia
A8: G | B8: =IF(ISNA(OFFSET('Elimination Rounds'!$A$1,MATCH($A8&B$1,'Elimination Rounds'!$B$2:$B$33,0),0)),"Choice not made!",OFFSET('Elimination Rounds'!$A$1,MATCH($A8&B$1,'Elimination Rounds'!$B$2:$B$33,0),0)) -> Brazil | C8: =IF(ISNA(OFFSET('Elimination Rounds'!$A$1,MATCH($A8&C$1,'Elimination Rounds'!$B$2:$B$33,0),0)),"Choice not made!",OFFSET('Elimination Rounds'!$A$1,MATCH($A8&C$1,'Elimination Rounds'!$B$2:$B$33,0),0)) -> Serbia | D8: =IF(ISNA(OFFSET('Elimination Rounds'!$A$1,MATCH($A8&D$1,'Elimination Rounds'!$B$2:$B$33,0),0)),"Choice not made!",OFFSET('Elimination Rounds'!$A$1,MATCH($A8&D$1,'Elimination Rounds'!$B$2:$B$33,0),0)) -> Cameroon | E8: =IF(ISNA(OFFSET('Elimination Rounds'!$A$1,MATCH($A8&E$1,'Elimination Rounds'!$B$2:$B$33,0),0)),"Choice not made!",OFFSET('Elimination Rounds'!$A$1,MATCH($A8&E$1,'Elimination Rounds'!$B$2:$B$33,0),0)) -> Switzerland
A9: H | B9: =IF(ISNA(OFFSET('Elimination Rounds'!$A$1,MATCH($A9&B$1,'Elimination Rounds'!$B$2:$B$33,0),0)),"Choice not made!",OFFSET('Elimination Rounds'!$A$1,MATCH($A9&B$1,'Elimination Rounds'!$B$2:$B$33,0),0)) -> Ghana | C9: =IF(ISNA(OFFSET('Elimination Rounds'!$A$1,MATCH($A9&C$1,'Elimination Rounds'!$B$2:$B$33,0),0)),"Choice not made!",OFFSET('Elimination Rounds'!$A$1,MATCH($A9&C$1,'Elimination Rounds'!$B$2:$B$33,0),0)) -> Portugal | D9: =IF(ISNA(OFFSET('Elimination Rounds'!$A$1,MATCH($A9&D$1,'Elimination Rounds'!$B$2:$B$33,0),0)),"Choice not made!",OFFSET('Elimination Rounds'!$A$1,MATCH($A9&D$1,'Elimination Rounds'!$B$2:$B$33,0),0)) -> Uruguay | E9: =IF(ISNA(OFFSET('Elimination Rounds'!$A$1,MATCH($A9&E$1,'Elimination Rounds'!$B$2:$B$33,0),0)),"Choice not made!",OFFSET('Elimination Rounds'!$A$1,MATCH($A9&E$1,'Elimination Rounds'!$B$2:$B$33,0),0)) -> South Korea
A12: TOTAL ERRORS | B12: =COUNTIF(B2:E9,"Choice not made!")+COUNTIF(H1:H5,"DID NOT SELECT CORRECT NUMBER") -> 0
A17: =IF(B12=0,"GOOD TO GO!","NOT READY TO SUBMIT (SEE ERRORS ABOVE)") -> GOOD TO GO!
