Workbook

Sheet Scoring Rules
A1: Outcome | B1: Points | C1: Potential points
A2: Correctly guessing Win/Loss/Draw of group game | B2: +1 | C2: 72
A3: Correctly guessing exact score of group game | B3: +2 | C3: 144
A4: Correctly picking group winner (A-L) | B4: +2 | C4: 24
A5: Correctly picking each non-winning group place | B5: +1 | C5: 36
A6: Correctly picking each team in Round of 16 | B6: +2 | C6: 32
A7: Correctly picking each team in Quarter-finals | B7: +4 | C7: 32
A8: Correctly picking each team in Semi-finals | B8: +8 | C8: 32
A9: Correctly picking each Final team | B9: +16 | C9: 32
A10: Correctly picking World Cup Winner | B10: +32 | C10: 32
A11: TOTAL | C11: =SUM(C2:C10) -> 436

Sheet Group Stage
A1: Match | B1: Group | C1: Home | D1: Away | E1: Home Goals | F1: Away Goals | G1: Result | I1: Self check
A2: 1 | B2: A | C2: Mexico | D2: South Korea | E2: 0 | F2: 0 | G2: =IF(AND(E2<>"",F2<>""),IF(E2>F2,C2,IF(E2<F2,D2,"Draw")),"") -> Draw | I2: Home | J2: {=SUMPRODUCT((G2:G73=C2:C73)*1)} -> 52
A3: 2 | B3: A | C3: South Africa | D3: Czechia | E3: 0 | F3: 1 | G3: =IF(AND(E3<>"",F3<>""),IF(E3>F3,C3,IF(E3<F3,D3,"Draw")),"") -> Czechia | I3: Away | J3: {=SUMPRODUCT((G2:G73=D2:D73)*1)} -> 7
A4: 3 | B4: A | C4: Mexico | D4: South Africa | E4: 2 | F4: 0 | G4: =IF(AND(E4<>"",F4<>""),IF(E4>F4,C4,IF(E4<F4,D4,"Draw")),"") -> Mexico | I4: Draw | J4: =COUNTIF(G2:G73,"Draw") -> 13
A5: 4 | B5: A | C5: South Korea | D5: Czechia | E5: 0 | F5: 0 | G5: =IF(AND(E5<>"",F5<>""),IF(E5>F5,C5,IF(E5<F5,D5,"Draw")),"") -> Draw | I5: TOTAL | J5: =SUM(J2:J4) -> 72
A6: 5 | B6: A | C6: Mexico | D6: Czechia | E6: 2 | F6: 0 | G6: =IF(AND(E6<>"",F6<>""),IF(E6>F6,C6,IF(E6<F6,D6,"Draw")),"") -> Mexico | I6: (should total 72)
A7: 6 | B7: A | C7: South Korea | D7: South Africa | E7: 1 | F7: 0 | G7: =IF(AND(E7<>"",F7<>""),IF(E7>F7,C7,IF(E7<F7,D7,"Draw")),"") -> South Korea
A8: 7 | B8: B | C8: Canada | D8: Switzerland | E8: 0 | F8: 0 | G8: =IF(AND(E8<>"",F8<>""),IF(E8>F8,C8,IF(E8<F8,D8,"Draw")),"") -> Draw
A9: 8 | B9: B | C9: Qatar | D9: Bosnia-Herzegovina | E9: 0 | F9: 1 | G9: =IF(AND(E9<>"",F9<>""),IF(E9>F9,C9,IF(E9<F9,D9,"Draw")),"") -> Bosnia-Herzegovina
A10: 9 | B10: B | C10: Canada | D10: Qatar | E10: 1 | F10: 0 | G10: =IF(AND(E10<>"",F10<>""),IF(E10>F10,C10,IF(E10<F10,D10,"Draw")),"") -> Canada
A11: 10 | B11: B | C11: Switzerland | D11: Bosnia-Herzegovina | E11: 1 | F11: 0 | G11: =IF(AND(E11<>"",F11<>""),IF(E11>F11,C11,IF(E11<F11,D11,"Draw")),"") -> Switzerland
A12: 11 | B12: B | C12: Canada | D12: Bosnia-Herzegovina | E12: 1 | F12: 0 | G12: =IF(AND(E12<>"",F12<>""),IF(E12>F12,C12,IF(E12<F12,D12,"Draw")),"") -> Canada
A13: 12 | B13: B | C13: Switzerland | D13: Qatar | E13: 2 | F13: 0 | G13: =IF(AND(E13<>"",F13<>""),IF(E13>F13,C13,IF(E13<F13,D13,"Draw")),"") -> Switzerland
A14: 13 | B14: C | C14: Brazil | D14: Morocco | E14: 1 | F14: 0 | G14: =IF(AND(E14<>"",F14<>""),IF(E14>F14,C14,IF(E14<F14,D14,"Draw")),"") -> Brazil
A15: 14 | B15: C | C15: Scotland | D15: Haiti | E15: 1 | F15: 0 | G15: =IF(AND(E15<>"",F15<>""),IF(E15>F15,C15,IF(E15<F15,D15,"Draw")),"") -> Scotland
A16: 15 | B16: C | C16: Brazil | D16: Scotland | E16: 1 | F16: 0 | G16: =IF(AND(E16<>"",F16<>""),IF(E16>F16,C16,IF(E16<F16,D16,"Draw")),"") -> Brazil
A17: 16 | B17: C | C17: Morocco | D17: Haiti | E17: 2 | F17: 0 | G17: =IF(AND(E17<>"",F17<>""),IF(E17>F17,C17,IF(E17<F17,D17,"Draw")),"") -> Morocco
A18: 17 | B18: C | C18: Brazil | D18: Haiti | E18: 3 | F18: 0 | G18: =IF(AND(E18<>"",F18<>""),IF(E18>F18,C18,IF(E18<F18,D18,"Draw")),"") -> Brazil
... A73: 72 | B73: L | C73: Croatia | D73: Panama | E73: 2 | F73: 0 | G73: =IF(AND(E73<>"",F73<>""),IF(E73>F73,C73,IF(E73<F73,D73,"Draw")),"") -> Croatia

Sheet Elimination Rounds
A1: Team | B1: Code | C1: Group | D1: Group Finish (1-4) | E1: Round of 16 | F1: Quarter-finals | G1: Semi-finals | H1: Final | I1: Winner | K1: Team | L1: Code | M1: Win | N1: D | O1: L | P1: Pts | Q1: GD | R1: GF | S1: Group Rank | U1: TEAM | V1: Code | W1: Win | X1: D | Y1: L | Z1: Pts | AA1: GD | AB1: GF | AC1: Group Rank | AF1: Team | AG1: Code | AH1: Win | AI1: D | AJ1: L | AK1: Pts | AL1: GD | AM1: GF | AN1: Group Rank | AP1: Team | AQ1: Code | AR1: Win | AS1: D | AT1: L | AU1: Pts | AV1: GD | AW1: GF | AX1: Group Rank
A2: Mexico | B2: =C2&D2 -> A1 | C2: A | D2: 1 | E2: 1 | K2: Mexico | L2: A | M2: {=SUMPRODUCT( (('Group Stage'!$C$2:$C$73=A2)*('Group Stage'!$E$2:$E$73>'Group Stage'!$F$2:$F$73))+ (('Group Stage'!$D$2:$D$73=A2)*('Group Stage'!$F$2:$F$73>'Group Stage'!$E$2:$E$73)) )} -> 2 | N2: {=SUMPRODUCT( (('Group Stage'!$C$2:$C$73=A2)*('Group Stage'!$E$2:$E$73='Group Stage'!$F$2:$F$73))+ (('Group Stage'!$D$2:$D$73=A2)*('Group Stage'!$F$2:$F$73='Group Stage'!$E$2:$E$73)) )} -> 1 | O2: {=SUMPRODUCT( (('Group Stage'!$C$2:$C$73=A2)*('Group Stage'!$E$2:$E$73<'Group Stage'!$F$2:$F$73))+ (('Group Stage'!$D$2:$D$73=A2)*('Group Stage'!$F$2:$F$73<'Group Stage'!$E$2:$E$73)) )} -> 0 | P2: {=SUMPRODUCT( (('Group Stage'!$C$2:$C$73=A2)*('Group Stage'!$E$2:$E$73>'Group Stage'!$F$2:$F$73))*3+ (('Group Stage'!$D$2:$D$73=A2)*('Group Stage'!$F$2:$F$73>'Group Stage'!$E$2:$E$73))*3+ (('Group Stage'!$C$2:$C$73=A2)*('Group Stage'!$E$2:$E$73='Group Stage'!$F$2:$F$73))*1+ (('Group Stage'!$D$2:$D$73=A2)*('Group Stage'!$F$2:$F$73='Group Stage'!$E$2:$E$73))*1 )} -> 7 | Q2: {=SUMPRODUCT( ('Group Stage'!$C$2:$C$73=A2)*('Group Stage'!$E$2:$E$73-'Group Stage'!$F$2:$F$73)+ ('Group Stage'!$D$2:$D$73=A2)*('Group Stage'!$F$2:$F$73-'Group Stage'!$E$2:$E$73) )} -> 4 | R2: {=SUMPRODUCT( ('Group Stage'!$C$2:$C$73=A2)*'Group Stage'!$E$2:$E$73+ ('Group Stage'!$D$2:$D$73=A2)*'Group Stage'!$F$2:$F$73 )} -> 4 | S2: {=SUMPRODUCT( (('Elimination Rounds'!$L$2:$L$49=L2)* (('Elimination Rounds'!$P$2:$P$49>P2)+ ('Elimination Rounds'!$P$2:$P$49=P2)*('Elimination Rounds'!$Q$2:$Q$49>Q2)+ ('Elimination Rounds'!$P$2:$P$49=P2)*('Elimination Rounds'!$Q$2:$Q$49=Q2)*('Elimination Rounds'!$R$2:$R$49>R2))) )+1} -> 1 | U2: {=_xlfn._xlws.SORT('Elimination Rounds'!$K$2:$S$49,{2,9},1)} -> Mexico | V2: A | W2: 2 | X2: 1 | Y2: 0 | Z2: 7 | AA2: 4 | AB2: 4 | AC2: 1 | AF2: =U2 -> Mexico | AG2: =V2 -> A | AH2: =W2 -> 2 | AI2: =X2 -> 1 | AJ2: =Y2 -> 0 | AK2: =Z2 -> 7 | AL2: =AA2 -> 4 | AM2: =AB2 -> 4 | AN2: =AC2 -> 1 | AP2: =U34 -> France | AQ2: =V34 -> I | AR2: =W34 -> 3 | AS2: =X34 -> 0 | AT2: =Y34 -> 0 | AU2: =Z34 -> 9 | AV2: =AA34 -> 6 | AW2: =AB34 -> 6 | AX2: =AC34 -> 1
A3: South Korea | B3: =C3&D3 -> A2 | C3: A | D3: 2 | K3: South Korea | L3: A | M3: {=SUMPRODUCT( (('Group Stage'!$C$2:$C$73=A3)*('Group Stage'!$E$2:$E$73>'Group Stage'!$F$2:$F$73))+ (('Group Stage'!$D$2:$D$73=A3)*('Group Stage'!$F$2:$F$73>'Group Stage'!$E$2:$E$73)) )} -> 1 | N3: {=SUMPRODUCT( (('Group Stage'!$C$2:$C$73=A3)*('Group Stage'!$E$2:$E$73='Group Stage'!$F$2:$F$73))+ (('Group Stage'!$D$2:$D$73=A3)*('Group Stage'!$F$2:$F$73='Group Stage'!$E$2:$E$73)) )} -> 2 | O3: {=SUMPRODUCT( (('Group Stage'!$C$2:$C$73=A3)*('Group Stage'!$E$2:$E$73<'Group Stage'!$F$2:$F$73))+ (('Group Stage'!$D$2:$D$73=A3)*('Group Stage'!$F$2:$F$73<'Group Stage'!$E$2:$E$73)) )} -> 0 | P3: {=SUMPRODUCT( (('Group Stage'!$C$2:$C$73=A3)*('Group Stage'!$E$2:$E$73>'Group Stage'!$F$2:$F$73))*3+ (('Group Stage'!$D$2:$D$73=A3)*('Group Stage'!$F$2:$F$73>'Group Stage'!$E$2:$E$73))*3+ (('Group Stage'!$C$2:$C$73=A3)*('Group Stage'!$E$2:$E$73='Group Stage'!$F$2:$F$73))*1+ (('Group Stage'!$D$2:$D$73=A3)*('Group Stage'!$F$2:$F$73='Group Stage'!$E$2:$E$73))*1 )} -> 5 | Q3: {=SUMPRODUCT( ('Group Stage'!$C$2:$C$73=A3)*('Group Stage'!$E$2:$E$73-'Group Stage'!$F$2:$F$73)+ ('Group Stage'!$D$2:$D$73=A3)*('Group Stage'!$F$2:$F$73-'Group Stage'!$E$2:$E$73) )} -> 1 | R3: {=SUMPRODUCT( ('Group Stage'!$C$2:$C$73=A3)*'Group Stage'!$E$2:$E$73+ ('Group Stage'!$D$2:$D$73=A3)*'Group Stage'!$F$2:$F$73 )} -> 1 | S3: {=SUMPRODUCT( (('Elimination Rounds'!$L$2:$L$49=L3)* (('Elimination Rounds'!$P$2:$P$49>P3)+ ('Elimination Rounds'!$P$2:$P$49=P3)*('Elimination Rounds'!$Q$2:$Q$49>Q3)+ ('Elimination Rounds'!$P$2:$P$49=P3)*('Elimination Rounds'!$Q$2:$Q$49=Q3)*('Elimination Rounds'!$R$2:$R$49>R3))) )+1} -> 2 | U3: South Korea | V3: A | W3: 1 | X3: 2 | Y3: 0 | Z3: 5 | AA3: 1 | AB3: 1 | AC3: 2 | AF3: =U3 -> South Korea | AG3: =V3 -> A | AH3: =W3 -> 1 | AI3: =X3 -> 2 | AJ3: =Y3 -> 0 | AK3: =Z3 -> 5 | AL3: =AA3 -> 1 | AM3: =AB3 -> 1 | AN3: =AC3 -> 2 | AP3: =U35 -> Norway | AQ3: =V35 -> I | AR3: =W35 -> 1 | AS3: =X35 -> 1 | AT3: =Y35 -> 1 | AU3: =Z35 -> 4 | AV3: =AA35 -> 0 | AW3: =AB35 -> 3 | AX3: =AC35 -> 2
A4: South Africa | B4: =C4&D4 -> A4 | C4: A | D4: 4 | K4: South Africa | L4: A | M4: {=SUMPRODUCT( (('Group Stage'!$C$2:$C$73=A4)*('Group Stage'!$E$2:$E$73>'Group Stage'!$F$2:$F$73))+ (('Group Stage'!$D$2:$D$73=A4)*('Group Stage'!$F$2:$F$73>'Group Stage'!$E$2:$E$73)) )} -> 0 | N4: {=SUMPRODUCT( (('Group Stage'!$C$2:$C$73=A4)*('Group Stage'!$E$2:$E$73='Group Stage'!$F$2:$F$73))+ (('Group Stage'!$D$2:$D$73=A4)*('Group Stage'!$F$2:$F$73='Group Stage'!$E$2:$E$73)) )} -> 0 | O4: {=SUMPRODUCT( (('Group Stage'!$C$2:$C$73=A4)*('Group Stage'!$E$2:$E$73<'Group Stage'!$F$2:$F$73))+ (('Group Stage'!$D$2:$D$73=A4)*('Group Stage'!$F$2:$F$73<'Group Stage'!$E$2:$E$73)) )} -> 3 | P4: {=SUMPRODUCT( (('Group Stage'!$C$2:$C$73=A4)*('Group Stage'!$E$2:$E$73>'Group Stage'!$F$2:$F$73))*3+ (('Group Stage'!$D$2:$D$73=A4)*('Group Stage'!$F$2:$F$73>'Group Stage'!$E$2:$E$73))*3+ (('Group Stage'!$C$2:$C$73=A4)*('Group Stage'!$E$2:$E$73='Group Stage'!$F$2:$F$73))*1+ (('Group Stage'!$D$2:$D$73=A4)*('Group Stage'!$F$2:$F$73='Group Stage'!$E$2:$E$73))*1 )} -> 0 | Q4: {=SUMPRODUCT( ('Group Stage'!$C$2:$C$73=A4)*('Group Stage'!$E$2:$E$73-'Group Stage'!$F$2:$F$73)+ ('Group Stage'!$D$2:$D$73=A4)*('Group Stage'!$F$2:$F$73-'Group Stage'!$E$2:$E$73) )} -> -4 | R4: {=SUMPRODUCT( ('Group Stage'!$C$2:$C$73=A4)*'Group Stage'!$E$2:$E$73+ ('Group Stage'!$D$2:$D$73=A4)*'Group Stage'!$F$2:$F$73 )} -> 0 | S4: {=SUMPRODUCT( (('Elimination Rounds'!$L$2:$L$49=L4)* (('Elimination Rounds'!$P$2:$P$49>P4)+ ('Elimination Rounds'!$P$2:$P$49=P4)*('Elimination Rounds'!$Q$2:$Q$49>Q4)+ ('Elimination Rounds'!$P$2:$P$49=P4)*('Elimination Rounds'!$Q$2:$Q$49=Q4)*('Elimination Rounds'!$R$2:$R$49>R4))) )+1} -> 4 | U4: Czechia | V4: A | W4: 1 | X4: 1 | Y4: 1 | Z4: 4 | AA4: -1 | AB4: 1 | AC4: 3 | AF4: =U4 -> Czechia | AG4: =V4 -> A | AH4: =W4 -> 1 | AI4: =X4 -> 1 | AJ4: =Y4 -> 1 | AK4: =Z4 -> 4 | AL4: =AA4 -> -1 | AM4: =AB4 -> 1 | AN4: =AC4 -> 3 | AP4: =U36 -> Senegal | AQ4: =V36 -> I | AR4: =W36 -> 1 | AS4: =X36 -> 1 | AT4: =Y36 -> 1 | AU4: =Z36 -> 4 | AV4: =AA36 -> -1 | AW4: =AB36 -> 2 | AX4: =AC36 -> 3
A5: Czechia | B5: =C5&D5 -> A3 | C5: A | D5: 3 | K5: Czechia | L5: A | M5: {=SUMPRODUCT( (('Group Stage'!$C$2:$C$73=A5)*('Group Stage'!$E$2:$E$73>'Group Stage'!$F$2:$F$73))+ (('Group Stage'!$D$2:$D$73=A5)*('Group Stage'!$F$2:$F$73>'Group Stage'!$E$2:$E$73)) )} -> 1 | N5: {=SUMPRODUCT( (('Group Stage'!$C$2:$C$73=A5)*('Group Stage'!$E$2:$E$73='Group Stage'!$F$2:$F$73))+ (('Group Stage'!$D$2:$D$73=A5)*('Group Stage'!$F$2:$F$73='Group Stage'!$E$2:$E$73)) )} -> 1 | O5: {=SUMPRODUCT( (('Group Stage'!$C$2:$C$73=A5)*('Group Stage'!$E$2:$E$73<'Group Stage'!$F$2:$F$73))+ (('Group Stage'!$D$2:$D$73=A5)*('Group Stage'!$F$2:$F$73<'Group Stage'!$E$2:$E$73)) )} -> 1 | P5: {=SUMPRODUCT( (('Group Stage'!$C$2:$C$73=A5)*('Group Stage'!$E$2:$E$73>'Group Stage'!$F$2:$F$73))*3+ (('Group Stage'!$D$2:$D$73=A5)*('Group Stage'!$F$2:$F$73>'Group Stage'!$E$2:$E$73))*3+ (('Group Stage'!$C$2:$C$73=A5)*('Group Stage'!$E$2:$E$73='Group Stage'!$F$2:$F$73))*1+ (('Group Stage'!$D$2:$D$73=A5)*('Group Stage'!$F$2:$F$73='Group Stage'!$E$2:$E$73))*1 )} -> 4 | Q5: {=SUMPRODUCT( ('Group Stage'!$C$2:$C$73=A5)*('Group Stage'!$E$2:$E$73-'Group Stage'!$F$2:$F$73)+ ('Group Stage'!$D$2:$D$73=A5)*('Group Stage'!$F$2:$F$73-'Group Stage'!$E$2:$E$73) )} -> -1 | R5: {=SUMPRODUCT( ('Group Stage'!$C$2:$C$73=A5)*'Group Stage'!$E$2:$E$73+ ('Group Stage'!$D$2:$D$73=A5)*'Group Stage'!$F$2:$F$73 )} -> 1 | S5: {=SUMPRODUCT( (('Elimination Rounds'!$L$2:$L$49=L5)* (('Elimination Rounds'!$P$2:$P$49>P5)+ ('Elimination Rounds'!$P$2:$P$49=P5)*('Elimination Rounds'!$Q$2:$Q$49>Q5)+ ('Elimination Rounds'!$P$2:$P$49=P5)*('Elimination Rounds'!$Q$2:$Q$49=Q5)*('Elimination Rounds'!$R$2:$R$49>R5))) )+1} -> 3 | U5: South Africa | V5: A | W5: 0 | X5: 0 | Y5: 3 | Z5: 0 | AA5: -4 | AB5: 0 | AC5: 4 | AF5: =U5 -> South Africa | AG5: =V5 -> A | AH5: =W5 -> 0 | AI5: =X5 -> 0 | AJ5: =Y5 -> 3 | AK5: =Z5 -> 0 | AL5: =AA5 -> -4 | AM5: =AB5 -> 0 | AN5: =AC5 -> 4 | AP5: =U37 -> Iraq | AQ5: =V37 -> I | AR5: =W37 -> 0 | AS5: =X37 -> 0 | AT5: =Y37 -> 3 | AU5: =Z37 -> 0 | AV5: =AA37 -> -5 | AW5: =AB37 -> 0 | AX5: =AC37 -> 4
A6: Canada | B6: =C6&D6 -> B2 | C6: B | D6: 2 | E6: 1 | K6: Canada | L6: B | M6: {=SUMPRODUCT( (('Group Stage'!$C$2:$C$73=A6)*('Group Stage'!$E$2:$E$73>'Group Stage'!$F$2:$F$73))+ (('Group Stage'!$D$2:$D$73=A6)*('Group Stage'!$F$2:$F$73>'Group Stage'!$E$2:$E$73)) )} -> 2 | N6: {=SUMPRODUCT( (('Group Stage'!$C$2:$C$73=A6)*('Group Stage'!$E$2:$E$73='Group Stage'!$F$2:$F$73))+ (('Group Stage'!$D$2:$D$73=A6)*('Group Stage'!$F$2:$F$73='Group Stage'!$E$2:$E$73)) )} -> 1 | O6: {=SUMPRODUCT( (('Group Stage'!$C$2:$C$73=A6)*('Group Stage'!$E$2:$E$73<'Group Stage'!$F$2:$F$73))+ (('Group Stage'!$D$2:$D$73=A6)*('Group Stage'!$F$2:$F$73<'Group Stage'!$E$2:$E$73)) )} -> 0 | P6: {=SUMPRODUCT( (('Group Stage'!$C$2:$C$73=A6)*('Group Stage'!$E$2:$E$73>'Group Stage'!$F$2:$F$73))*3+ (('Group Stage'!$D$2:$D$73=A6)*('Group Stage'!$F$2:$F$73>'Group Stage'!$E$2:$E$73))*3+ (('Group Stage'!$C$2:$C$73=A6)*('Group Stage'!$E$2:$E$73='Group Stage'!$F$2:$F$73))*1+ (('Group Stage'!$D$2:$D$73=A6)*('Group Stage'!$F$2:$F$73='Group Stage'!$E$2:$E$73))*1 )} -> 7 | Q6: {=SUMPRODUCT( ('Group Stage'!$C$2:$C$73=A6)*('Group Stage'!$E$2:$E$73-'Group Stage'!$F$2:$F$73)+ ('Group Stage'!$D$2:$D$73=A6)*('Group Stage'!$F$2:$F$73-'Group Stage'!$E$2:$E$73) )} -> 2 | R6: {=SUMPRODUCT( ('Group Stage'!$C$2:$C$73=A6)*'Group Stage'!$E$2:$E$73+ ('Group Stage'!$D$2:$D$73=A6)*'Group Stage'!$F$2:$F$73 )} -> 2 | S6: {=SUMPRODUCT( (('Elimination Rounds'!$L$2:$L$49=L6)* (('Elimination Rounds'!$P$2:$P$49>P6)+ ('Elimination Rounds'!$P$2:$P$49=P6)*('Elimination Rounds'!$Q$2:$Q$49>Q6)+ ('Elimination Rounds'!$P$2:$P$49=P6)*('Elimination Rounds'!$Q$2:$Q$49=Q6)*('Elimination Rounds'!$R$2:$R$49>R6))) )+1} -> 2 | U6: Switzerland | V6: B | W6: 2 | X6: 1 | Y6: 0 | Z6: 7 | AA6: 3 | AB6: 3 | AC6: 1
A7: Switzerland | B7: =C7&D7 -> B1 | C7: B | D7: 1 | K7: Switzerland | L7: B | M7: {=SUMPRODUCT( (('Group Stage'!$C$2:$C$73=A7)*('Group Stage'!$E$2:$E$73>'Group Stage'!$F$2:$F$73))+ (('Group Stage'!$D$2:$D$73=A7)*('Group Stage'!$F$2:$F$73>'Group Stage'!$E$2:$E$73)) )} -> 2 | N7: {=SUMPRODUCT( (('Group Stage'!$C$2:$C$73=A7)*('Group Stage'!$E$2:$E$73='Group Stage'!$F$2:$F$73))+ (('Group Stage'!$D$2:$D$73=A7)*('Group Stage'!$F$2:$F$73='Group Stage'!$E$2:$E$73)) )} -> 1 | O7: {=SUMPRODUCT( (('Group Stage'!$C$2:$C$73=A7)*('Group Stage'!$E$2:$E$73<'Group Stage'!$F$2:$F$73))+ (('Group Stage'!$D$2:$D$73=A7)*('Group Stage'!$F$2:$F$73<'Group Stage'!$E$2:$E$73)) )} -> 0 | P7: {=SUMPRODUCT( (('Group Stage'!$C$2:$C$73=A7)*('Group Stage'!$E$2:$E$73>'Group Stage'!$F$2:$F$73))*3+ (('Group Stage'!$D$2:$D$73=A7)*('Group Stage'!$F$2:$F$73>'Group Stage'!$E$2:$E$73))*3+ (('Group Stage'!$C$2:$C$73=A7)*('Group Stage'!$E$2:$E$73='Group Stage'!$F$2:$F$73))*1+ (('Group Stage'!$D$2:$D$73=A7)*('Group Stage'!$F$2:$F$73='Group Stage'!$E$2:$E$73))*1 )} -> 7 | Q7: {=SUMPRODUCT( ('Group Stage'!$C$2:$C$73=A7)*('Group Stage'!$E$2:$E$73-'Group Stage'!$F$2:$F$73)+ ('Group Stage'!$D$2:$D$73=A7)*('Group Stage'!$F$2:$F$73-'Group Stage'!$E$2:$E$73) )} -> 3 | R7: {=SUMPRODUCT( ('Group Stage'!$C$2:$C$73=A7)*'Group Stage'!$E$2:$E$73+ ('Group Stage'!$D$2:$D$73=A7)*'Group Stage'!$F$2:$F$73 )} -> 3 | S7: {=SUMPRODUCT( (('Elimination Rounds'!$L$2:$L$49=L7)* (('Elimination Rounds'!$P$2:$P$49>P7)+ ('Elimination Rounds'!$P$2:$P$49=P7)*('Elimination Rounds'!$Q$2:$Q$49>Q7)+ ('Elimination Rounds'!$P$2:$P$49=P7)*('Elimination Rounds'!$Q$2:$Q$49=Q7)*('Elimination Rounds'!$R$2:$R$49>R7))) )+1} -> 1 | U7: Canada | V7: B | W7: 2 | X7: 1 | Y7: 0 | Z7: 7 | AA7: 2 | AB7: 2 | AC7: 2 | AF7: Team | AG7: Code | AH7: Win | AI7: D | AJ7: L | AK7: Pts | AL7: GD | AM7: GF | AN7: Group Rank | AP7: Team | AQ7: Code | AR7: Win | AS7: D | AT7: L | AU7: Pts | AV7: GD | AW7: GF | AX7: Group Rank
A8: Qatar | B8: =C8&D8 -> B4 | C8: B | D8: 4 | K8: Qatar | L8: B | M8: {=SUMPRODUCT( (('Group Stage'!$C$2:$C$73=A8)*('Group Stage'!$E$2:$E$73>'Group Stage'!$F$2:$F$73))+ (('Group Stage'!$D$2:$D$73=A8)*('Group Stage'!$F$2:$F$73>'Group Stage'!$E$2:$E$73)) )} -> 0 | N8: {=SUMPRODUCT( (('Group Stage'!$C$2:$C$73=A8)*('Group Stage'!$E$2:$E$73='Group Stage'!$F$2:$F$73))+ (('Group Stage'!$D$2:$D$73=A8)*('Group Stage'!$F$2:$F$73='Group Stage'!$E$2:$E$73)) )} -> 0 | O8: {=SUMPRODUCT( (('Group Stage'!$C$2:$C$73=A8)*('Group Stage'!$E$2:$E$73<'Group Stage'!$F$2:$F$73))+ (('Group Stage'!$D$2:$D$73=A8)*('Group Stage'!$F$2:$F$73<'Group Stage'!$E$2:$E$73)) )} -> 3 | P8: {=SUMPRODUCT( (('Group Stage'!$C$2:$C$73=A8)*('Group Stage'!$E$2:$E$73>'Group Stage'!$F$2:$F$73))*3+ (('Group Stage'!$D$2:$D$73=A8)*('Group Stage'!$F$2:$F$73>'Group Stage'!$E$2:$E$73))*3+ (('Group Stage'!$C$2:$C$73=A8)*('Group Stage'!$E$2:$E$73='Group Stage'!$F$2:$F$73))*1+ (('Group Stage'!$D$2:$D$73=A8)*('Group Stage'!$F$2:$F$73='Group Stage'!$E$2:$E$73))*1 )} -> 0 | Q8: {=SUMPRODUCT( ('Group Stage'!$C$2:$C$73=A8)*('Group Stage'!$E$2:$E$73-'Group Stage'!$F$2:$F$73)+ ('Group Stage'!$D$2:$D$73=A8)*('Group Stage'!$F$2:$F$73-'Group Stage'!$E$2:$E$73) )} -> -4 | R8: {=SUMPRODUCT( ('Group Stage'!$C$2:$C$73=A8)*'Group Stage'!$E$2:$E$73+ ('Group Stage'!$D$2:$D$73=A8)*'Group Stage'!$F$2:$F$73 )} -> 0 | S8: {=SUMPRODUCT( (('Elimination Rounds'!$L$2:$L$49=L8)* (('Elimination Rounds'!$P$2:$P$49>P8)+ ('Elimination Rounds'!$P$2:$P$49=P8)*('Elimination Rounds'!$Q$2:$Q$49>Q8)+ ('Elimination Rounds'!$P$2:$P$49=P8)*('Elimination Rounds'!$Q$2:$Q$49=Q8)*('Elimination Rounds'!$R$2:$R$49>R8))) )+1} -> 4 | U8: Bosnia-Herzegovina | V8: B | W8: 1 | X8: 0 | Y8: 2 | Z8: 3 | AA8: -1 | AB8: 1 | AC8: 3 | AF8: =U6 -> Switzerland | AG8: =V6 -> B | AH8: =W6 -> 2 | AI8: =X6 -> 1 | AJ8: =Y6 -> 0 | AK8: =Z6 -> 7 | AL8: =AA6 -> 3 | AM8: =AB6 -> 3 | AN8: =AC6 -> 1 | AP8: =U38 -> Argentina | AQ8: =V38 -> J | AR8: =W38 -> 3 | AS8: =X38 -> 0 | AT8: =Y38 -> 0 | AU8: =Z38 -> 9 | AV8: =AA38 -> 6 | AW8: =AB38 -> 6 | AX8: =AC38 -> 1
A9: Bosnia-Herzegovina | B9: =C9&D9 -> B3 | C9: B | D9: 3 | K9: Bosnia-Herzegovina | L9: B | M9: {=SUMPRODUCT( (('Group Stage'!$C$2:$C$73=A9)*('Group Stage'!$E$2:$E$73>'Group Stage'!$F$2:$F$73))+ (('Group Stage'!$D$2:$D$73=A9)*('Group Stage'!$F$2:$F$73>'Group Stage'!$E$2:$E$73)) )} -> 1 | N9: {=SUMPRODUCT( (('Group Stage'!$C$2:$C$73=A9)*('Group Stage'!$E$2:$E$73='Group Stage'!$F$2:$F$73))+ (('Group Stage'!$D$2:$D$73=A9)*('Group Stage'!$F$2:$F$73='Group Stage'!$E$2:$E$73)) )} -> 0 | O9: {=SUMPRODUCT( (('Group Stage'!$C$2:$C$73=A9)*('Group Stage'!$E$2:$E$73<'Group Stage'!$F$2:$F$73))+ (('Group Stage'!$D$2:$D$73=A9)*('Group Stage'!$F$2:$F$73<'Group Stage'!$E$2:$E$73)) )} -> 2 | P9: {=SUMPRODUCT( (('Group Stage'!$C$2:$C$73=A9)*('Group Stage'!$E$2:$E$73>'Group Stage'!$F$2:$F$73))*3+ (('Group Stage'!$D$2:$D$73=A9)*('Group Stage'!$F$2:$F$73>'Group Stage'!$E$2:$E$73))*3+ (('Group Stage'!$C$2:$C$73=A9)*('Group Stage'!$E$2:$E$73='Group Stage'!$F$2:$F$73))*1+ (('Group Stage'!$D$2:$D$73=A9)*('Group Stage'!$F$2:$F$73='Group Stage'!$E$2:$E$73))*1 )} -> 3 | Q9: {=SUMPRODUCT( ('Group Stage'!$C$2:$C$73=A9)*('Group Stage'!$E$2:$E$73-'Group Stage'!$F$2:$F$73)+ ('Group Stage'!$D$2:$D$73=A9)*('Group Stage'!$F$2:$F$73-'Group Stage'!$E$2:$E$73) )} -> -1 | R9: {=SUMPRODUCT( ('Group Stage'!$C$2:$C$73=A9)*'Group Stage'!$E$2:$E$73+ ('Group Stage'!$D$2:$D$73=A9)*'Group Stage'!$F$2:$F$73 )} -> 1 | S9: {=SUMPRODUCT( (('Elimination Rounds'!$L$2:$L$49=L9)* (('Elimination Rounds'!$P$2:$P$49>P9)+ ('Elimination Rounds'!$P$2:$P$49=P9)*('Elimination Rounds'!$Q$2:$Q$49>Q9)+ ('Elimination Rounds'!$P$2:$P$49=P9)*('Elimination Rounds'!$Q$2:$Q$49=Q9)*('Elimination Rounds'!$R$2:$R$49>R9))) )+1} -> 3 | U9: Qatar | V9: B | W9: 0 | X9: 0 | Y9: 3 | Z9: 0 | AA9: -4 | AB9: 0 | AC9: 4 | AF9: =U7 -> Canada | AG9: =V7 -> B | AH9: =W7 -> 2 | AI9: =X7 -> 1 | AJ9: =Y7 -> 0 | AK9: =Z7 -> 7 | AL9: =AA7 -> 2 | AM9: =AB7 -> 2 | AN9: =AC7 -> 2 | AP9: =U39 -> Austria | AQ9: =V39 -> J | AR9: =W39 -> 2 | AS9: =X39 -> 0 | AT9: =Y39 -> 1 | AU9: =Z39 -> 6 | AV9: =AA39 -> 1 | AW9: =AB39 -> 2 | AX9: =AC39 -> 2
A10: Brazil | B10: =C10&D10 -> C1 | C10: C | D10: 1 | E10: 1 | F10: 1 | G10: 1 | K10: Brazil | L10: C | M10: {=SUMPRODUCT( (('Group Stage'!$C$2:$C$73=A10)*('Group Stage'!$E$2:$E$73>'Group Stage'!$F$2:$F$73))+ (('Group Stage'!$D$2:$D$73=A10)*('Group Stage'!$F$2:$F$73>'Group Stage'!$E$2:$E$73)) )} -> 3 | N10: {=SUMPRODUCT( (('Group Stage'!$C$2:$C$73=A10)*('Group Stage'!$E$2:$E$73='Group Stage'!$F$2:$F$73))+ (('Group Stage'!$D$2:$D$73=A10)*('Group Stage'!$F$2:$F$73='Group Stage'!$E$2:$E$73)) )} -> 0 | O10: {=SUMPRODUCT( (('Group Stage'!$C$2:$C$73=A10)*('Group Stage'!$E$2:$E$73<'Group Stage'!$F$2:$F$73))+ (('Group Stage'!$D$2:$D$73=A10)*('Group Stage'!$F$2:$F$73<'Group Stage'!$E$2:$E$73)) )} -> 0 | P10: {=SUMPRODUCT( (('Group Stage'!$C$2:$C$73=A10)*('Group Stage'!$E$2:$E$73>'Group Stage'!$F$2:$F$73))*3+ (('Group Stage'!$D$2:$D$73=A10)*('Group Stage'!$F$2:$F$73>'Group Stage'!$E$2:$E$73))*3+ (('Group Stage'!$C$2:$C$73=A10)*('Group Stage'!$E$2:$E$73='Group Stage'!$F$2:$F$73))*1+ (('Group Stage'!$D$2:$D$73=A10)*('Group Stage'!$F$2:$F$73='Group Stage'!$E$2:$E$73))*1 )} -> 9 | Q10: {=SUMPRODUCT( ('Group Stage'!$C$2:$C$73=A10)*('Group Stage'!$E$2:$E$73-'Group Stage'!$F$2:$F$73)+ ('Group Stage'!$D$2:$D$73=A10)*('Group Stage'!$F$2:$F$73-'Group Stage'!$E$2:$E$73) )} -> 5 | R10: {=SUMPRODUCT( ('Group Stage'!$C$2:$C$73=A10)*'Group Stage'!$E$2:$E$73+ ('Group Stage'!$D$2:$D$73=A10)*'Group Stage'!$F$2:$F$73 )} -> 5 | S10: {=SUMPRODUCT( (('Elimination Rounds'!$L$2:$L$49=L10)* (('Elimination Rounds'!$P$2:$P$49>P10)+ ('Elimination Rounds'!$P$2:$P$49=P10)*('Elimination Rounds'!$Q$2:$Q$49>Q10)+ ('Elimination Rounds'!$P$2:$P$49=P10)*('Elimination Rounds'!$Q$2:$Q$49=Q10)*('Elimination Rounds'!$R$2:$R$49>R10))) )+1} -> 1 | U10: Brazil | V10: C | W10: 3 | X10: 0 | Y10: 0 | Z10: 9 | AA10: 5 | AB10: 5 | AC10: 1 | AF10: =U8 -> Bosnia-Herzegovina | AG10: =V8 -> B | AH10: =W8 -> 1 | AI10: =X8 -> 0 | AJ10: =Y8 -> 2 | AK10: =Z8 -> 3 | AL10: =AA8 -> -1 | AM10: =AB8 -> 1 | AN10: =AC8 -> 3 | AP10: =U40 -> Algeria | AQ10: =V40 -> J | AR10: =W40 -> 1 | AS10: =X40 -> 0 | AT10: =Y40 -> 2 | AU10: =Z40 -> 3 | AV10: =AA40 -> -1 | AW10: =AB40 -> 2 | AX10: =AC40 -> 3
A11: Morocco | B11: =C11&D11 -> C2 | C11: C | D11: 2 | K11: Morocco | L11: C | M11: {=SUMPRODUCT( (('Group Stage'!$C$2:$C$73=A11)*('Group Stage'!$E$2:$E$73>'Group Stage'!$F$2:$F$73))+ (('Group Stage'!$D$2:$D$73=A11)*('Group Stage'!$F$2:$F$73>'Group Stage'!$E$2:$E$73)) )} -> 1 | N11: {=SUMPRODUCT( (('Group Stage'!$C$2:$C$73=A11)*('Group Stage'!$E$2:$E$73='Group Stage'!$F$2:$F$73))+ (('Group Stage'!$D$2:$D$73=A11)*('Group Stage'!$F$2:$F$73='Group Stage'!$E$2:$E$73)) )} -> 1 | O11: {=SUMPRODUCT( (('Group Stage'!$C$2:$C$73=A11)*('Group Stage'!$E$2:$E$73<'Group Stage'!$F$2:$F$73))+ (('Group Stage'!$D$2:$D$73=A11)*('Group Stage'!$F$2:$F$73<'Group Stage'!$E$2:$E$73)) )} -> 1 | P11: {=SUMPRODUCT( (('Group Stage'!$C$2:$C$73=A11)*('Group Stage'!$E$2:$E$73>'Group Stage'!$F$2:$F$73))*3+ (('Group Stage'!$D$2:$D$73=A11)*('Group Stage'!$F$2:$F$73>'Group Stage'!$E$2:$E$73))*3+ (('Group Stage'!$C$2:$C$73=A11)*('Group Stage'!$E$2:$E$73='Group Stage'!$F$2:$F$73))*1+ (('Group Stage'!$D$2:$D$73=A11)*('Group Stage'!$F$2:$F$73='Group Stage'!$E$2:$E$73))*1 )} -> 4 | Q11: {=SUMPRODUCT( ('Group Stage'!$C$2:$C$73=A11)*('Group Stage'!$E$2:$E$73-'Group Stage'!$F$2:$F$73)+ ('Group Stage'!$D$2:$D$73=A11)*('Group Stage'!$F$2:$F$73-'Group Stage'!$E$2:$E$73) )} -> 1 | R11: {=SUMPRODUCT( ('Group Stage'!$C$2:$C$73=A11)*'Group Stage'!$E$2:$E$73+ ('Group Stage'!$D$2:$D$73=A11)*'Group Stage'!$F$2:$F$73 )} -> 3 | S11: {=SUMPRODUCT( (('Elimination Rounds'!$L$2:$L$49=L11)* (('Elimination Rounds'!$P$2:$P$49>P11)+ ('Elimination Rounds'!$P$2:$P$49=P11)*('Elimination Rounds'!$Q$2:$Q$49>Q11)+ ('Elimination Rounds'!$P$2:$P$49=P11)*('Elimination Rounds'!$Q$2:$Q$49=Q11)*('Elimination Rounds'!$R$2:$R$49>R11))) )+1} -> 2 | U11: Morocco | V11: C | W11: 1 | X11: 1 | Y11: 1 | Z11: 4 | AA11: 1 | AB11: 3 | AC11: 2 | AF11: =U9 -> Qatar | AG11: =V9 -> B | AH11: =W9 -> 0 | AI11: =X9 -> 0 | AJ11: =Y9 -> 3 | AK11: =Z9 -> 0 | AL11: =AA9 -> -4 | AM11: =AB9 -> 0 | AN11: =AC9 -> 4 | AP11: =U41 -> Jordan | AQ11: =V41 -> J | AR11: =W41 -> 0 | AS11: =X41 -> 0 | AT11: =Y41 -> 3 | AU11: =Z41 -> 0 | AV11: =AA41 -> -6 | AW11: =AB41 -> 0 | AX11: =AC41 -> 4
A12: Scotland | B12: =C12&D12 -> C3 | C12: C | D12: 3 | K12: Scotland | L12: C | M12: {=SUMPRODUCT( (('Group Stage'!$C$2:$C$73=A12)*('Group Stage'!$E$2:$E$73>'Group Stage'!$F$2:$F$73))+ (('Group Stage'!$D$2:$D$73=A12)*('Group Stage'!$F$2:$F$73>'Group Stage'!$E$2:$E$73)) )} -> 1 | N12: {=SUMPRODUCT( (('Group Stage'!$C$2:$C$73=A12)*('Group Stage'!$E$2:$E$73='Group Stage'!$F$2:$F$73))+ (('Group Stage'!$D$2:$D$73=A12)*('Group Stage'!$F$2:$F$73='Group Stage'!$E$2:$E$73)) )} -> 1 | O12: {=SUMPRODUCT( (('Group Stage'!$C$2:$C$73=A12)*('Group Stage'!$E$2:$E$73<'Group Stage'!$F$2:$F$73))+ (('Group Stage'!$D$2:$D$73=A12)*('Group Stage'!$F$2:$F$73<'Group Stage'!$E$2:$E$73)) )} -> 1 | P12: {=SUMPRODUCT( (('Group Stage'!$C$2:$C$73=A12)*('Group Stage'!$E$2:$E$73>'Group Stage'!$F$2:$F$73))*3+ (('Group Stage'!$D$2:$D$73=A12)*('Group Stage'!$F$2:$F$73>'Group Stage'!$E$2:$E$73))*3+ (('Group Stage'!$C$2:$C$73=A12)*('Group Stage'!$E$2:$E$73='Group Stage'!$F$2:$F$73))*1+ (('Group Stage'!$D$2:$D$73=A12)*('Group Stage'!$F$2:$F$73='Group Stage'!$E$2:$E$73))*1 )} -> 4 | Q12: {=SUMPRODUCT( ('Group Stage'!$C$2:$C$73=A12)*('Group Stage'!$E$2:$E$73-'Group Stage'!$F$2:$F$73)+ ('Group Stage'!$D$2:$D$73=A12)*('Group Stage'!$F$2:$F$73-'Group Stage'!$E$2:$E$73) )} -> 0 | R12: {=SUMPRODUCT( ('Group Stage'!$C$2:$C$73=A12)*'Group Stage'!$E$2:$E$73+ ('Group Stage'!$D$2:$D$73=A12)*'Group Stage'!$F$2:$F$73 )} -> 2 | S12: {=SUMPRODUCT( (('Elimination Rounds'!$L$2:$L$49=L12)* (('Elimination Rounds'!$P$2:$P$49>P12)+ ('Elimination Rounds'!$P$2:$P$49=P12)*('Elimination Rounds'!$Q$2:$Q$49>Q12)+ ('Elimination Rounds'!$P$2:$P$49=P12)*('Elimination Rounds'!$Q$2:$Q$49=Q12)*('Elimination Rounds'!$R$2:$R$49>R12))) )+1} -> 3 | U12: Scotland | V12: C | W12: 1 | X12: 1 | Y12: 1 | Z12: 4 | AA12: 0 | AB12: 2 | AC12: 3
A13: Haiti | B13: =C13&D13 -> C4 | C13: C | D13: 4 | K13: Haiti | L13: C | M13: {=SUMPRODUCT( (('Group Stage'!$C$2:$C$73=A13)*('Group Stage'!$E$2:$E$73>'Group Stage'!$F$2:$F$73))+ (('Group Stage'!$D$2:$D$73=A13)*('Group Stage'!$F$2:$F$73>'Group Stage'!$E$2:$E$73)) )} -> 0 | N13: {=SUMPRODUCT( (('Group Stage'!$C$2:$C$73=A13)*('Group Stage'!$E$2:$E$73='Group Stage'!$F$2:$F$73))+ (('Group Stage'!$D$2:$D$73=A13)*('Group Stage'!$F$2:$F$73='Group Stage'!$E$2:$E$73)) )} -> 0 | O13: {=SUMPRODUCT( (('Group Stage'!$C$2:$C$73=A13)*('Group Stage'!$E$2:$E$73<'Group Stage'!$F$2:$F$73))+ (('Group Stage'!$D$2:$D$73=A13)*('Group Stage'!$F$2:$F$73<'Group Stage'!$E$2:$E$73)) )} -> 3 | P13: {=SUMPRODUCT( (('Group Stage'!$C$2:$C$73=A13)*('Group Stage'!$E$2:$E$73>'Group Stage'!$F$2:$F$73))*3+ (('Group Stage'!$D$2:$D$73=A13)*('Group Stage'!$F$2:$F$73>'Group Stage'!$E$2:$E$73))*3+ (('Group Stage'!$C$2:$C$73=A13)*('Group Stage'!$E$2:$E$73='Group Stage'!$F$2:$F$73))*1+ (('Group Stage'!$D$2:$D$73=A13)*('Group Stage'!$F$2:$F$73='Group Stage'!$E$2:$E$73))*1 )} -> 0 | Q13: {=SUMPRODUCT( ('Group Stage'!$C$2:$C$73=A13)*('Group Stage'!$E$2:$E$73-'Group Stage'!$F$2:$F$73)+ ('Group Stage'!$D$2:$D$73=A13)*('Group Stage'!$F$2:$F$73-'Group Stage'!$E$2:$E$73) )} -> -6 | R13: {=SUMPRODUCT( ('Group Stage'!$C$2:$C$73=A13)*'Group Stage'!$E$2:$E$73+ ('Group Stage'!$D$2:$D$73=A13)*'Group Stage'!$F$2:$F$73 )} -> 0 | S13: {=SUMPRODUCT( (('Elimination Rounds'!$L$2:$L$49=L13)* (('Elimination Rounds'!$P$2:$P$49>P13)+ ('Elimination Rounds'!$P$2:$P$49=P13)*('Elimination Rounds'!$Q$2:$Q$49>Q13)+ ('Elimination Rounds'!$P$2:$P$49=P13)*('Elimination Rounds'!$Q$2:$Q$49=Q13)*('Elimination Rounds'!$R$2:$R$49>R13))) )+1} -> 4 | U13: Haiti | V13: C | W13: 0 | X13: 0 | Y13: 3 | Z13: 0 | AA13: -6 | AB13: 0 | AC13: 4 | AF13: Team | AG13: Code | AH13: Win | AI13: D | AJ13: L | AK13: Pts | AL13: GD | AM13: GF | AN13: Group Rank | AP13: Team | AQ13: Code | AR13: Win | AS13: D | AT13: L | AU13: Pts | AV13: GD | AW13: GF | AX13: Group Rank
A14: USA | B14: =C14&D14 -> D2 | C14: D | D14: 2 | E14: 1 | K14: USA | L14: D | M14: {=SUMPRODUCT( (('Group Stage'!$C$2:$C$73=A14)*('Group Stage'!$E$2:$E$73>'Group Stage'!$F$2:$F$73))+ (('Group Stage'!$D$2:$D$73=A14)*('Group Stage'!$F$2:$F$73>'Group Stage'!$E$2:$E$73)) )} -> 1 | N14: {=SUMPRODUCT( (('Group Stage'!$C$2:$C$73=A14)*('Group Stage'!$E$2:$E$73='Group Stage'!$F$2:$F$73))+ (('Group Stage'!$D$2:$D$73=A14)*('Group Stage'!$F$2:$F$73='Group Stage'!$E$2:$E$73)) )} -> 2 | O14: {=SUMPRODUCT( (('Group Stage'!$C$2:$C$73=A14)*('Group Stage'!$E$2:$E$73<'Group Stage'!$F$2:$F$73))+ (('Group Stage'!$D$2:$D$73=A14)*('Group Stage'!$F$2:$F$73<'Group Stage'!$E$2:$E$73)) )} -> 0 | P14: {=SUMPRODUCT( (('Group Stage'!$C$2:$C$73=A14)*('Group Stage'!$E$2:$E$73>'Group Stage'!$F$2:$F$73))*3+ (('Group Stage'!$D$2:$D$73=A14)*('Group Stage'!$F$2:$F$73>'Group Stage'!$E$2:$E$73))*3+ (('Group Stage'!$C$2:$C$73=A14)*('Group Stage'!$E$2:$E$73='Group Stage'!$F$2:$F$73))*1+ (('Group Stage'!$D$2:$D$73=A14)*('Group Stage'!$F$2:$F$73='Group Stage'!$E$2:$E$73))*1 )} -> 5 | Q14: {=SUMPRODUCT( ('Group Stage'!$C$2:$C$73=A14)*('Group Stage'!$E$2:$E$73-'Group Stage'!$F$2:$F$73)+ ('Group Stage'!$D$2:$D$73=A14)*('Group Stage'!$F$2:$F$73-'Group Stage'!$E$2:$E$73) )} -> 1 | R14: {=SUMPRODUCT( ('Group Stage'!$C$2:$C$73=A14)*'Group Stage'!$E$2:$E$73+ ('Group Stage'!$D$2:$D$73=A14)*'Group Stage'!$F$2:$F$73 )} -> 2 | S14: {=SUMPRODUCT( (('Elimination Rounds'!$L$2:$L$49=L14)* (('Elimination Rounds'!$P$2:$P$49>P14)+ ('Elimination Rounds'!$P$2:$P$49=P14)*('Elimination Rounds'!$Q$2:$Q$49>Q14)+ ('Elimination Rounds'!$P$2:$P$49=P14)*('Elimination Rounds'!$Q$2:$Q$49=Q14)*('Elimination Rounds'!$R$2:$R$49>R14))) )+1} -> 2 | U14: Turkiye | V14: D | W14: 2 | X14: 1 | Y14: 0 | Z14: 7 | AA14: 2 | AB14: 2 | AC14: 1 | AF14: =U10 -> Brazil | AG14: =V10 -> C | AH14: =W10 -> 3 | AI14: =X10 -> 0 | AJ14: =Y10 -> 0 | AK14: =Z10 -> 9 | AL14: =AA10 -> 5 | AM14: =AB10 -> 5 | AN14: =AC10 -> 1 | AP14: =U42 -> Portugal | AQ14: =V42 -> K | AR14: =W42 -> 3 | AS14: =X42 -> 0 | AT14: =Y42 -> 0 | AU14: =Z42 -> 9 | AV14: =AA42 -> 8 | AW14: =AB42 -> 8 | AX14: =AC42 -> 1
A15: Paraguay | B15: =C15&D15 -> D4 | C15: D | D15: 4 | K15: Paraguay | L15: D | M15: {=SUMPRODUCT( (('Group Stage'!$C$2:$C$73=A15)*('Group Stage'!$E$2:$E$73>'Group Stage'!$F$2:$F$73))+ (('Group Stage'!$D$2:$D$73=A15)*('Group Stage'!$F$2:$F$73>'Group Stage'!$E$2:$E$73)) )} -> 0 | N15: {=SUMPRODUCT( (('Group Stage'!$C$2:$C$73=A15)*('Group Stage'!$E$2:$E$73='Group Stage'!$F$2:$F$73))+ (('Group Stage'!$D$2:$D$73=A15)*('Group Stage'!$F$2:$F$73='Group Stage'!$E$2:$E$73)) )} -> 1 | O15: {=SUMPRODUCT( (('Group Stage'!$C$2:$C$73=A15)*('Group Stage'!$E$2:$E$73<'Group Stage'!$F$2:$F$73))+ (('Group Stage'!$D$2:$D$73=A15)*('Group Stage'!$F$2:$F$73<'Group Stage'!$E$2:$E$73)) )} -> 2 | P15: {=SUMPRODUCT( (('Group Stage'!$C$2:$C$73=A15)*('Group Stage'!$E$2:$E$73>'Group Stage'!$F$2:$F$73))*3+ (('Group Stage'!$D$2:$D$73=A15)*('Group Stage'!$F$2:$F$73>'Group Stage'!$E$2:$E$73))*3+ (('Group Stage'!$C$2:$C$73=A15)*('Group Stage'!$E$2:$E$73='Group Stage'!$F$2:$F$73))*1+ (('Group Stage'!$D$2:$D$73=A15)*('Group Stage'!$F$2:$F$73='Group Stage'!$E$2:$E$73))*1 )} -> 1 | Q15: {=SUMPRODUCT( ('Group Stage'!$C$2:$C$73=A15)*('Group Stage'!$E$2:$E$73-'Group Stage'!$F$2:$F$73)+ ('Group Stage'!$D$2:$D$73=A15)*('Group Stage'!$F$2:$F$73-'Group Stage'!$E$2:$E$73) )} -> -2 | R15: {=SUMPRODUCT( ('Group Stage'!$C$2:$C$73=A15)*'Group Stage'!$E$2:$E$73+ ('Group Stage'!$D$2:$D$73=A15)*'Group Stage'!$F$2:$F$73 )} -> 1 | S15: {=SUMPRODUCT( (('Elimination Rounds'!$L$2:$L$49=L15)* (('Elimination Rounds'!$P$2:$P$49>P15)+ ('Elimination Rounds'!$P$2:$P$49=P15)*('Elimination Rounds'!$Q$2:$Q$49>Q15)+ ('Elimination Rounds'!$P$2:$P$49=P15)*('Elimination Rounds'!$Q$2:$Q$49=Q15)*('Elimination Rounds'!$R$2:$R$49>R15))) )+1} -> 4 | U15: USA | V15: D | W15: 1 | X15: 2 | Y15: 0 | Z15: 5 | AA15: 1 | AB15: 2 | AC15: 2 | AF15: =U11 -> Morocco | AG15: =V11 -> C | AH15: =W11 -> 1 | AI15: =X11 -> 1 | AJ15: =Y11 -> 1 | AK15: =Z11 -> 4 | AL15: =AA11 -> 1 | AM15: =AB11 -> 3 | AN15: =AC11 -> 2 | AP15: =U43 -> Colombia | AQ15: =V43 -> K | AR15: =W43 -> 2 | AS15: =X43 -> 0 | AT15: =Y43 -> 1 | AU15: =Z43 -> 6 | AV15: =AA43 -> 2 | AW15: =AB43 -> 4 | AX15: =AC43 -> 2
A16: Australia | B16: =C16&D16 -> D3 | C16: D | D16: 3 | K16: Australia | L16: D | M16: {=SUMPRODUCT( (('Group Stage'!$C$2:$C$73=A16)*('Group Stage'!$E$2:$E$73>'Group Stage'!$F$2:$F$73))+ (('Group Stage'!$D$2:$D$73=A16)*('Group Stage'!$F$2:$F$73>'Group Stage'!$E$2:$E$73)) )} -> 0 | N16: {=SUMPRODUCT( (('Group Stage'!$C$2:$C$73=A16)*('Group Stage'!$E$2:$E$73='Group Stage'!$F$2:$F$73))+ (('Group Stage'!$D$2:$D$73=A16)*('Group Stage'!$F$2:$F$73='Group Stage'!$E$2:$E$73)) )} -> 2 | O16: {=SUMPRODUCT( (('Group Stage'!$C$2:$C$73=A16)*('Group Stage'!$E$2:$E$73<'Group Stage'!$F$2:$F$73))+ (('Group Stage'!$D$2:$D$73=A16)*('Group Stage'!$F$2:$F$73<'Group Stage'!$E$2:$E$73)) )} -> 1 | P16: {=SUMPRODUCT( (('Group Stage'!$C$2:$C$73=A16)*('Group Stage'!$E$2:$E$73>'Group Stage'!$F$2:$F$73))*3+ (('Group Stage'!$D$2:$D$73=A16)*('Group Stage'!$F$2:$F$73>'Group Stage'!$E$2:$E$73))*3+ (('Group Stage'!$C$2:$C$73=A16)*('Group Stage'!$E$2:$E$73='Group Stage'!$F$2:$F$73))*1+ (('Group Stage'!$D$2:$D$73=A16)*('Group Stage'!$F$2:$F$73='Group Stage'!$E$2:$E$73))*1 )} -> 2 | Q16: {=SUMPRODUCT( ('Group Stage'!$C$2:$C$73=A16)*('Group Stage'!$E$2:$E$73-'Group Stage'!$F$2:$F$73)+ ('Group Stage'!$D$2:$D$73=A16)*('Group Stage'!$F$2:$F$73-'Group Stage'!$E$2:$E$73) )} -> -1 | R16: {=SUMPRODUCT( ('Group Stage'!$C$2:$C$73=A16)*'Group Stage'!$E$2:$E$73+ ('Group Stage'!$D$2:$D$73=A16)*'Group Stage'!$F$2:$F$73 )} -> 2 | S16: {=SUMPRODUCT( (('Elimination Rounds'!$L$2:$L$49=L16)* (('Elimination Rounds'!$P$2:$P$49>P16)+ ('Elimination Rounds'!$P$2:$P$49=P16)*('Elimination Rounds'!$Q$2:$Q$49>Q16)+ ('Elimination Rounds'!$P$2:$P$49=P16)*('Elimination Rounds'!$Q$2:$Q$49=Q16)*('Elimination Rounds'!$R$2:$R$49>R16))) )+1} -> 3 | U16: Australia | V16: D | W16: 0 | X16: 2 | Y16: 1 | Z16: 2 | AA16: -1 | AB16: 2 | AC16: 3 | AF16: =U12 -> Scotland | AG16: =V12 -> C | AH16: =W12 -> 1 | AI16: =X12 -> 1 | AJ16: =Y12 -> 1 | AK16: =Z12 -> 4 | AL16: =AA12 -> 0 | AM16: =AB12 -> 2 | AN16: =AC12 -> 3 | AP16: =U44 -> DR Congo | AQ16: =V44 -> K | AR16: =W44 -> 0 | AS16: =X44 -> 1 | AT16: =Y44 -> 2 | AU16: =Z44 -> 1 | AV16: =AA44 -> -4 | AW16: =AB44 -> 0 | AX16: =AC44 -> 3
A17: Turkiye | B17: =C17&D17 -> D1 | C17: D | D17: 1 | E17: 1 | K17: Turkiye | L17: D | M17: {=SUMPRODUCT( (('Group Stage'!$C$2:$C$73=A17)*('Group Stage'!$E$2:$E$73>'Group Stage'!$F$2:$F$73))+ (('Group Stage'!$D$2:$D$73=A17)*('Group Stage'!$F$2:$F$73>'Group Stage'!$E$2:$E$73)) )} -> 2 | N17: {=SUMPRODUCT( (('Group Stage'!$C$2:$C$73=A17)*('Group Stage'!$E$2:$E$73='Group Stage'!$F$2:$F$73))+ (('Group Stage'!$D$2:$D$73=A17)*('Group Stage'!$F$2:$F$73='Group Stage'!$E$2:$E$73)) )} -> 1 | O17: {=SUMPRODUCT( (('Group Stage'!$C$2:$C$73=A17)*('Group Stage'!$E$2:$E$73<'Group Stage'!$F$2:$F$73))+ (('Group Stage'!$D$2:$D$73=A17)*('Group Stage'!$F$2:$F$73<'Group Stage'!$E$2:$E$73)) )} -> 0 | P17: {=SUMPRODUCT( (('Group Stage'!$C$2:$C$73=A17)*('Group Stage'!$E$2:$E$73>'Group Stage'!$F$2:$F$73))*3+ (('Group Stage'!$D$2:$D$73=A17)*('Group Stage'!$F$2:$F$73>'Group Stage'!$E$2:$E$73))*3+ (('Group Stage'!$C$2:$C$73=A17)*('Group Stage'!$E$2:$E$73='Group Stage'!$F$2:$F$73))*1+ (('Group Stage'!$D$2:$D$73=A17)*('Group Stage'!$F$2:$F$73='Group Stage'!$E$2:$E$73))*1 )} -> 7 | Q17: {=SUMPRODUCT( ('Group Stage'!$C$2:$C$73=A17)*('Group Stage'!$E$2:$E$73-'Group Stage'!$F$2:$F$73)+ ('Group Stage'!$D$2:$D$73=A17)*('Group Stage'!$F$2:$F$73-'Group Stage'!$E$2:$E$73) )} -> 2 | R17: {=SUMPRODUCT( ('Group Stage'!$C$2:$C$73=A17)*'Group Stage'!$E$2:$E$73+ ('Group Stage'!$D$2:$D$73=A17)*'Group Stage'!$F$2:$F$73 )} -> 2 | S17: {=SUMPRODUCT( (('Elimination Rounds'!$L$2:$L$49=L17)* (('Elimination Rounds'!$P$2:$P$49>P17)+ ('Elimination Rounds'!$P$2:$P$49=P17)*('Elimination Rounds'!$Q$2:$Q$49>Q17)+ ('Elimination Rounds'!$P$2:$P$49=P17)*('Elimination Rounds'!$Q$2:$Q$49=Q17)*('Elimination Rounds'!$R$2:$R$49>R17))) )+1} -> 1 | U17: Paraguay | V17: D | W17: 0 | X17: 1 | Y17: 2 | Z17: 1 | AA17: -2 | AB17: 1 | AC17: 4 | AF17: =U13 -> Haiti | AG17: =V13 -> C | AH17: =W13 -> 0 | AI17: =X13 -> 0 | AJ17: =Y13 -> 3 | AK17: =Z13 -> 0 | AL17: =AA13 -> -6 | AM17: =AB13 -> 0 | AN17: =AC13 -> 4 | AP17: =U45 -> Uzbekistan | AQ17: =V45 -> K | AR17: =W45 -> 0 | AS17: =X45 -> 1 | AT17: =Y45 -> 2 | AU17: =Z45 -> 1 | AV17: =AA45 -> -6 | AW17: =AB45 -> 0 | AX17: =AC45 -> 4
A18: Germany | B18: =C18&D18 -> E1 | C18: E | D18: 1 | E18: 1 | K18: Germany | L18: E | M18: {=SUMPRODUCT( (('Group Stage'!$C$2:$C$73=A18)*('Group Stage'!$E$2:$E$73>'Group Stage'!$F$2:$F$73))+ (('Group Stage'!$D$2:$D$73=A18)*('Group Stage'!$F$2:$F$73>'Group Stage'!$E$2:$E$73)) )} -> 3 | N18: {=SUMPRODUCT( (('Group Stage'!$C$2:$C$73=A18)*('Group Stage'!$E$2:$E$73='Group Stage'!$F$2:$F$73))+ (('Group Stage'!$D$2:$D$73=A18)*('Group Stage'!$F$2:$F$73='Group Stage'!$E$2:$E$73)) )} -> 0 | O18: {=SUMPRODUCT( (('Group Stage'!$C$2:$C$73=A18)*('Group Stage'!$E$2:$E$73<'Group Stage'!$F$2:$F$73))+ (('Group Stage'!$D$2:$D$73=A18)*('Group Stage'!$F$2:$F$73<'Group Stage'!$E$2:$E$73)) )} -> 0 | P18: {=SUMPRODUCT( (('Group Stage'!$C$2:$C$73=A18)*('Group Stage'!$E$2:$E$73>'Group Stage'!$F$2:$F$73))*3+ (('Group Stage'!$D$2:$D$73=A18)*('Group Stage'!$F$2:$F$73>'Group Stage'!$E$2:$E$73))*3+ (('Group Stage'!$C$2:$C$73=A18)*('Group Stage'!$E$2:$E$73='Group Stage'!$F$2:$F$73))*1+ (('Group Stage'!$D$2:$D$73=A18)*('Group Stage'!$F$2:$F$73='Group Stage'!$E$2:$E$73))*1 )} -> 9 | Q18: {=SUMPRODUCT( ('Group Stage'!$C$2:$C$73=A18)*('Group Stage'!$E$2:$E$73-'Group Stage'!$F$2:$F$73)+ ('Group Stage'!$D$2:$D$73=A18)*('Group Stage'!$F$2:$F$73-'Group Stage'!$E$2:$E$73) )} -> 5 | R18: {=SUMPRODUCT( ('Group Stage'!$C$2:$C$73=A18)*'Group Stage'!$E$2:$E$73+ ('Group Stage'!$D$2:$D$73=A18)*'Group Stage'!$F$2:$F$73 )} -> 5 | S18: {=SUMPRODUCT( (('Elimination Rounds'!$L$2:$L$49=L18)* (('Elimination Rounds'!$P$2:$P$49>P18)+ ('Elimination Rounds'!$P$2:$P$49=P18)*('Elimination Rounds'!$Q$2:$Q$49>Q18)+ ('Elimination Rounds'!$P$2:$P$49=P18)*('Elimination Rounds'!$Q$2:$Q$49=Q18)*('Elimination Rounds'!$R$2:$R$49>R18))) )+1} -> 1 | U18: Germany | V18: E | W18: 3 | X18: 0 | Y18: 0 | Z18: 9 | AA18: 5 | AB18: 5 | AC18: 1
A19: Ecuador | B19: =C19&D19 -> E2 | C19: E | D19: 2 | K19: Ecuador | L19: E | M19: {=SUMPRODUCT( (('Group Stage'!$C$2:$C$73=A19)*('Group Stage'!$E$2:$E$73>'Group Stage'!$F$2:$F$73))+ (('Group Stage'!$D$2:$D$73=A19)*('Group Stage'!$F$2:$F$73>'Group Stage'!$E$2:$E$73)) )} -> 1 | N19: {=SUMPRODUCT( (('Group Stage'!$C$2:$C$73=A19)*('Group Stage'!$E$2:$E$73='Group Stage'!$F$2:$F$73))+ (('Group Stage'!$D$2:$D$73=A19)*('Group Stage'!$F$2:$F$73='Group Stage'!$E$2:$E$73)) )} -> 1 | O19: {=SUMPRODUCT( (('Group Stage'!$C$2:$C$73=A19)*('Group Stage'!$E$2:$E$73<'Group Stage'!$F$2:$F$73))+ (('Group Stage'!$D$2:$D$73=A19)*('Group Stage'!$F$2:$F$73<'Group Stage'!$E$2:$E$73)) )} -> 1 | P19: {=SUMPRODUCT( (('Group Stage'!$C$2:$C$73=A19)*('Group Stage'!$E$2:$E$73>'Group Stage'!$F$2:$F$73))*3+ (('Group Stage'!$D$2:$D$73=A19)*('Group Stage'!$F$2:$F$73>'Group Stage'!$E$2:$E$73))*3+ (('Group Stage'!$C$2:$C$73=A19)*('Group Stage'!$E$2:$E$73='Group Stage'!$F$2:$F$73))*1+ (('Group Stage'!$D$2:$D$73=A19)*('Group Stage'!$F$2:$F$73='Group Stage'!$E$2:$E$73))*1 )} -> 4 | Q19: {=SUMPRODUCT( ('Group Stage'!$C$2:$C$73=A19)*('Group Stage'!$E$2:$E$73-'Group Stage'!$F$2:$F$73)+ ('Group Stage'!$D$2:$D$73=A19)*('Group Stage'!$F$2:$F$73-'Group Stage'!$E$2:$E$73) )} -> 1 | R19: {=SUMPRODUCT( ('Group Stage'!$C$2:$C$73=A19)*'Group Stage'!$E$2:$E$73+ ('Group Stage'!$D$2:$D$73=A19)*'Group Stage'!$F$2:$F$73 )} -> 3 | S19: {=SUMPRODUCT( (('Elimination Rounds'!$L$2:$L$49=L19)* (('Elimination Rounds'!$P$2:$P$49>P19)+ ('Elimination Rounds'!$P$2:$P$49=P19)*('Elimination Rounds'!$Q$2:$Q$49>Q19)+ ('Elimination Rounds'!$P$2:$P$49=P19)*('Elimination Rounds'!$Q$2:$Q$49=Q19)*('Elimination Rounds'!$R$2:$R$49>R19))) )+1} -> 2 | U19: Ecuador | V19: E | W19: 1 | X19: 1 | Y19: 1 | Z19: 4 | AA19: 1 | AB19: 3 | AC19: 2 | AF19: Team | AG19: Code | AH19: Win | AI19: D | AJ19: L | AK19: Pts | AL19: GD | AM19: GF | AN19: Group Rank | AP19: Team | AQ19: Code | AR19: Win | AS19: D | AT19: L | AU19: Pts | AV19: GD | AW19: GF | AX19: Group Rank
A20: Ivory Coast | B20: =C20&D20 -> E3 | C20: E | D20: 3 | E20: 1 | K20: Ivory Coast | L20: E | M20: {=SUMPRODUCT( (('Group Stage'!$C$2:$C$73=A20)*('Group Stage'!$E$2:$E$73>'Group Stage'!$F$2:$F$73))+ (('Group Stage'!$D$2:$D$73=A20)*('Group Stage'!$F$2:$F$73>'Group Stage'!$E$2:$E$73)) )} -> 1 | N20: {=SUMPRODUCT( (('Group Stage'!$C$2:$C$73=A20)*('Group Stage'!$E$2:$E$73='Group Stage'!$F$2:$F$73))+ (('Group Stage'!$D$2:$D$73=A20)*('Group Stage'!$F$2:$F$73='Group Stage'!$E$2:$E$73)) )} -> 1 | O20: {=SUMPRODUCT( (('Group Stage'!$C$2:$C$73=A20)*('Group Stage'!$E$2:$E$73<'Group Stage'!$F$2:$F$73))+ (('Group Stage'!$D$2:$D$73=A20)*('Group Stage'!$F$2:$F$73<'Group Stage'!$E$2:$E$73)) )} -> 1 | P20: {=SUMPRODUCT( (('Group Stage'!$C$2:$C$73=A20)*('Group Stage'!$E$2:$E$73>'Group Stage'!$F$2:$F$73))*3+ (('Group Stage'!$D$2:$D$73=A20)*('Group Stage'!$F$2:$F$73>'Group Stage'!$E$2:$E$73))*3+ (('Group Stage'!$C$2:$C$73=A20)*('Group Stage'!$E$2:$E$73='Group Stage'!$F$2:$F$73))*1+ (('Group Stage'!$D$2:$D$73=A20)*('Group Stage'!$F$2:$F$73='Group Stage'!$E$2:$E$73))*1 )} -> 4 | Q20: {=SUMPRODUCT( ('Group Stage'!$C$2:$C$73=A20)*('Group Stage'!$E$2:$E$73-'Group Stage'!$F$2:$F$73)+ ('Group Stage'!$D$2:$D$73=A20)*('Group Stage'!$F$2:$F$73-'Group Stage'!$E$2:$E$73) )} -> 0 | R20: {=SUMPRODUCT( ('Group Stage'!$C$2:$C$73=A20)*'Group Stage'!$E$2:$E$73+ ('Group Stage'!$D$2:$D$73=A20)*'Group Stage'!$F$2:$F$73 )} -> 3 | S20: {=SUMPRODUCT( (('Elimination Rounds'!$L$2:$L$49=L20)* (('Elimination Rounds'!$P$2:$P$49>P20)+ ('Elimination Rounds'!$P$2:$P$49=P20)*('Elimination Rounds'!$Q$2:$Q$49>Q20)+ ('Elimination Rounds'!$P$2:$P$49=P20)*('Elimination Rounds'!$Q$2:$Q$49=Q20)*('Elimination Rounds'!$R$2:$R$49>R20))) )+1} -> 3 | U20: Ivory Coast | V20: E | W20: 1 | X20: 1 | Y20: 1 | Z20: 4 | AA20: 0 | AB20: 3 | AC20: 3 | AF20: =U14 -> Turkiye | AG20: =V14 -> D | AH20: =W14 -> 2 | AI20: =X14 -> 1 | AJ20: =Y14 -> 0 | AK20: =Z14 -> 7 | AL20: =AA14 -> 2 | AM20: =AB14 -> 2 | AN20: =AC14 -> 1 | AP20: =U46 -> England | AQ20: =V46 -> L | AR20: =W46 -> 3 | AS20: =X46 -> 0 | AT20: =Y46 -> 0 | AU20: =Z46 -> 9 | AV20: =AA46 -> 4 | AW20: =AB46 -> 5 | AX20: =AC46 -> 1
A21: Curacao | B21: =C21&D21 -> E4 | C21: E | D21: 4 | K21: Curacao | L21: E | M21: {=SUMPRODUCT( (('Group Stage'!$C$2:$C$73=A21)*('Group Stage'!$E$2:$E$73>'Group Stage'!$F$2:$F$73))+ (('Group Stage'!$D$2:$D$73=A21)*('Group Stage'!$F$2:$F$73>'Group Stage'!$E$2:$E$73)) )} -> 0 | N21: {=SUMPRODUCT( (('Group Stage'!$C$2:$C$73=A21)*('Group Stage'!$E$2:$E$73='Group Stage'!$F$2:$F$73))+ (('Group Stage'!$D$2:$D$73=A21)*('Group Stage'!$F$2:$F$73='Group Stage'!$E$2:$E$73)) )} -> 0 | O21: {=SUMPRODUCT( (('Group Stage'!$C$2:$C$73=A21)*('Group Stage'!$E$2:$E$73<'Group Stage'!$F$2:$F$73))+ (('Group Stage'!$D$2:$D$73=A21)*('Group Stage'!$F$2:$F$73<'Group Stage'!$E$2:$E$73)) )} -> 3 | P21: {=SUMPRODUCT( (('Group Stage'!$C$2:$C$73=A21)*('Group Stage'!$E$2:$E$73>'Group Stage'!$F$2:$F$73))*3+ (('Group Stage'!$D$2:$D$73=A21)*('Group Stage'!$F$2:$F$73>'Group Stage'!$E$2:$E$73))*3+ (('Group Stage'!$C$2:$C$73=A21)*('Group Stage'!$E$2:$E$73='Group Stage'!$F$2:$F$73))*1+ (('Group Stage'!$D$2:$D$73=A21)*('Group Stage'!$F$2:$F$73='Group Stage'!$E$2:$E$73))*1 )} -> 0 | Q21: {=SUMPRODUCT( ('Group Stage'!$C$2:$C$73=A21)*('Group Stage'!$E$2:$E$73-'Group Stage'!$F$2:$F$73)+ ('Group Stage'!$D$2:$D$73=A21)*('Group Stage'!$F$2:$F$73-'Group Stage'!$E$2:$E$73) )} -> -6 | R21: {=SUMPRODUCT( ('Group Stage'!$C$2:$C$73=A21)*'Group Stage'!$E$2:$E$73+ ('Group Stage'!$D$2:$D$73=A21)*'Group Stage'!$F$2:$F$73 )} -> 0 | S21: {=SUMPRODUCT( (('Elimination Rounds'!$L$2:$L$49=L21)* (('Elimination Rounds'!$P$2:$P$49>P21)+ ('Elimination Rounds'!$P$2:$P$49=P21)*('Elimination Rounds'!$Q$2:$Q$49>Q21)+ ('Elimination Rounds'!$P$2:$P$49=P21)*('Elimination Rounds'!$Q$2:$Q$49=Q21)*('Elimination Rounds'!$R$2:$R$49>R21))) )+1} -> 4 | U21: Curacao | V21: E | W21: 0 | X21: 0 | Y21: 3 | Z21: 0 | AA21: -6 | AB21: 0 | AC21: 4 | AF21: =U15 -> USA | AG21: =V15 -> D | AH21: =W15 -> 1 | AI21: =X15 -> 2 | AJ21: =Y15 -> 0 | AK21: =Z15 -> 5 | AL21: =AA15 -> 1 | AM21: =AB15 -> 2 | AN21: =AC15 -> 2 | AP21: =U47 -> Croatia | AQ21: =V47 -> L | AR21: =W47 -> 1 | AS21: =X47 -> 1 | AT21: =Y47 -> 1 | AU21: =Z47 -> 4 | AV21: =AA47 -> 1 | AW21: =AB47 -> 4 | AX21: =AC47 -> 2
A22: Netherlands | B22: =C22&D22 -> F1 | C22: F | D22: 1 | E22: 1 | F22: 1 | K22: Netherlands | L22: F | M22: {=SUMPRODUCT( (('Group Stage'!$C$2:$C$73=A22)*('Group Stage'!$E$2:$E$73>'Group Stage'!$F$2:$F$73))+ (('Group Stage'!$D$2:$D$73=A22)*('Group Stage'!$F$2:$F$73>'Group Stage'!$E$2:$E$73)) )} -> 3 | N22: {=SUMPRODUCT( (('Group Stage'!$C$2:$C$73=A22)*('Group Stage'!$E$2:$E$73='Group Stage'!$F$2:$F$73))+ (('Group Stage'!$D$2:$D$73=A22)*('Group Stage'!$F$2:$F$73='Group Stage'!$E$2:$E$73)) )} -> 0 | O22: {=SUMPRODUCT( (('Group Stage'!$C$2:$C$73=A22)*('Group Stage'!$E$2:$E$73<'Group Stage'!$F$2:$F$73))+ (('Group Stage'!$D$2:$D$73=A22)*('Group Stage'!$F$2:$F$73<'Group Stage'!$E$2:$E$73)) )} -> 0 | P22: {=SUMPRODUCT( (('Group Stage'!$C$2:$C$73=A22)*('Group Stage'!$E$2:$E$73>'Group Stage'!$F$2:$F$73))*3+ (('Group Stage'!$D$2:$D$73=A22)*('Group Stage'!$F$2:$F$73>'Group Stage'!$E$2:$E$73))*3+ (('Group Stage'!$C$2:$C$73=A22)*('Group Stage'!$E$2:$E$73='Group Stage'!$F$2:$F$73))*1+ (('Group Stage'!$D$2:$D$73=A22)*('Group Stage'!$F$2:$F$73='Group Stage'!$E$2:$E$73))*1 )} -> 9 | Q22: {=SUMPRODUCT( ('Group Stage'!$C$2:$C$73=A22)*('Group Stage'!$E$2:$E$73-'Group Stage'!$F$2:$F$73)+ ('Group Stage'!$D$2:$D$73=A22)*('Group Stage'!$F$2:$F$73-'Group Stage'!$E$2:$E$73) )} -> 4 | R22: {=SUMPRODUCT( ('Group Stage'!$C$2:$C$73=A22)*'Group Stage'!$E$2:$E$73+ ('Group Stage'!$D$2:$D$73=A22)*'Group Stage'!$F$2:$F$73 )} -> 4 | S22: {=SUMPRODUCT( (('Elimination Rounds'!$L$2:$L$49=L22)* (('Elimination Rounds'!$P$2:$P$49>P22)+ ('Elimination Rounds'!$P$2:$P$49=P22)*('Elimination Rounds'!$Q$2:$Q$49>Q22)+ ('Elimination Rounds'!$P$2:$P$49=P22)*('Elimination Rounds'!$Q$2:$Q$49=Q22)*('Elimination Rounds'!$R$2:$R$49>R22))) )+1} -> 1 | U22: Netherlands | V22: F | W22: 3 | X22: 0 | Y22: 0 | Z22: 9 | AA22: 4 | AB22: 4 | AC22: 1 | AF22: =U16 -> Australia | AG22: =V16 -> D | AH22: =W16 -> 0 | AI22: =X16 -> 2 | AJ22: =Y16 -> 1 | AK22: =Z16 -> 2 | AL22: =AA16 -> -1 | AM22: =AB16 -> 2 | AN22: =AC16 -> 3 | AP22: =U48 -> Ghana | AQ22: =V48 -> L | AR22: =W48 -> 1 | AS22: =X48 -> 1 | AT22: =Y48 -> 1 | AU22: =Z48 -> 4 | AV22: =AA48 -> 0 | AW22: =AB48 -> 2 | AX22: =AC48 -> 3
A23: Japan | B23: =C23&D23 -> F2 | C23: F | D23: 2 | K23: Japan | L23: F | M23: {=SUMPRODUCT( (('Group Stage'!$C$2:$C$73=A23)*('Group Stage'!$E$2:$E$73>'Group Stage'!$F$2:$F$73))+ (('Group Stage'!$D$2:$D$73=A23)*('Group Stage'!$F$2:$F$73>'Group Stage'!$E$2:$E$73)) )} -> 1 | N23: {=SUMPRODUCT( (('Group Stage'!$C$2:$C$73=A23)*('Group Stage'!$E$2:$E$73='Group Stage'!$F$2:$F$73))+ (('Group Stage'!$D$2:$D$73=A23)*('Group Stage'!$F$2:$F$73='Group Stage'!$E$2:$E$73)) )} -> 1 | O23: {=SUMPRODUCT( (('Group Stage'!$C$2:$C$73=A23)*('Group Stage'!$E$2:$E$73<'Group Stage'!$F$2:$F$73))+ (('Group Stage'!$D$2:$D$73=A23)*('Group Stage'!$F$2:$F$73<'Group Stage'!$E$2:$E$73)) )} -> 1 | P23: {=SUMPRODUCT( (('Group Stage'!$C$2:$C$73=A23)*('Group Stage'!$E$2:$E$73>'Group Stage'!$F$2:$F$73))*3+ (('Group Stage'!$D$2:$D$73=A23)*('Group Stage'!$F$2:$F$73>'Group Stage'!$E$2:$E$73))*3+ (('Group Stage'!$C$2:$C$73=A23)*('Group Stage'!$E$2:$E$73='Group Stage'!$F$2:$F$73))*1+ (('Group Stage'!$D$2:$D$73=A23)*('Group Stage'!$F$2:$F$73='Group Stage'!$E$2:$E$73))*1 )} -> 4 | Q23: {=SUMPRODUCT( ('Group Stage'!$C$2:$C$73=A23)*('Group Stage'!$E$2:$E$73-'Group Stage'!$F$2:$F$73)+ ('Group Stage'!$D$2:$D$73=A23)*('Group Stage'!$F$2:$F$73-'Group Stage'!$E$2:$E$73) )} -> 1 | R23: {=SUMPRODUCT( ('Group Stage'!$C$2:$C$73=A23)*'Group Stage'!$E$2:$E$73+ ('Group Stage'!$D$2:$D$73=A23)*'Group Stage'!$F$2:$F$73 )} -> 3 | S23: {=SUMPRODUCT( (('Elimination Rounds'!$L$2:$L$49=L23)* (('Elimination Rounds'!$P$2:$P$49>P23)+ ('Elimination Rounds'!$P$2:$P$49=P23)*('Elimination Rounds'!$Q$2:$Q$49>Q23)+ ('Elimination Rounds'!$P$2:$P$49=P23)*('Elimination Rounds'!$Q$2:$Q$49=Q23)*('Elimination Rounds'!$R$2:$R$49>R23))) )+1} -> 2 | U23: Japan | V23: F | W23: 1 | X23: 1 | Y23: 1 | Z23: 4 | AA23: 1 | AB23: 3 | AC23: 2 | AF23: =U17 -> Paraguay | AG23: =V17 -> D | AH23: =W17 -> 0 | AI23: =X17 -> 1 | AJ23: =Y17 -> 2 | AK23: =Z17 -> 1 | AL23: =AA17 -> -2 | AM23: =AB17 -> 1 | AN23: =AC17 -> 4 | AP23: =U49 -> Panama | AQ23: =V49 -> L | AR23: =W49 -> 0 | AS23: =X49 -> 0 | AT23: =Y49 -> 3 | AU23: =Z49 -> 0 | AV23: =AA49 -> -5 | AW23: =AB49 -> 0 | AX23: =AC49 -> 4
A24: Tunisia | B24: =C24&D24 -> F4 | C24: F | D24: 4 | K24: Tunisia | L24: F | M24: {=SUMPRODUCT( (('Group Stage'!$C$2:$C$73=A24)*('Group Stage'!$E$2:$E$73>'Group Stage'!$F$2:$F$73))+ (('Group Stage'!$D$2:$D$73=A24)*('Group Stage'!$F$2:$F$73>'Group Stage'!$E$2:$E$73)) )} -> 0 | N24: {=SUMPRODUCT( (('Group Stage'!$C$2:$C$73=A24)*('Group Stage'!$E$2:$E$73='Group Stage'!$F$2:$F$73))+ (('Group Stage'!$D$2:$D$73=A24)*('Group Stage'!$F$2:$F$73='Group Stage'!$E$2:$E$73)) )} -> 0 | O24: {=SUMPRODUCT( (('Group Stage'!$C$2:$C$73=A24)*('Group Stage'!$E$2:$E$73<'Group Stage'!$F$2:$F$73))+ (('Group Stage'!$D$2:$D$73=A24)*('Group Stage'!$F$2:$F$73<'Group Stage'!$E$2:$E$73)) )} -> 3 | P24: {=SUMPRODUCT( (('Group Stage'!$C$2:$C$73=A24)*('Group Stage'!$E$2:$E$73>'Group Stage'!$F$2:$F$73))*3+ (('Group Stage'!$D$2:$D$73=A24)*('Group Stage'!$F$2:$F$73>'Group Stage'!$E$2:$E$73))*3+ (('Group Stage'!$C$2:$C$73=A24)*('Group Stage'!$E$2:$E$73='Group Stage'!$F$2:$F$73))*1+ (('Group Stage'!$D$2:$D$73=A24)*('Group Stage'!$F$2:$F$73='Group Stage'!$E$2:$E$73))*1 )} -> 0 | Q24: {=SUMPRODUCT( ('Group Stage'!$C$2:$C$73=A24)*('Group Stage'!$E$2:$E$73-'Group Stage'!$F$2:$F$73)+ ('Group Stage'!$D$2:$D$73=A24)*('Group Stage'!$F$2:$F$73-'Group Stage'!$E$2:$E$73) )} -> -5 | R24: {=SUMPRODUCT( ('Group Stage'!$C$2:$C$73=A24)*'Group Stage'!$E$2:$E$73+ ('Group Stage'!$D$2:$D$73=A24)*'Group Stage'!$F$2:$F$73 )} -> 0 | S24: {=SUMPRODUCT( (('Elimination Rounds'!$L$2:$L$49=L24)* (('Elimination Rounds'!$P$2:$P$49>P24)+ ('Elimination Rounds'!$P$2:$P$49=P24)*('Elimination Rounds'!$Q$2:$Q$49>Q24)+ ('Elimination Rounds'!$P$2:$P$49=P24)*('Elimination Rounds'!$Q$2:$Q$49=Q24)*('Elimination Rounds'!$R$2:$R$49>R24))) )+1} -> 4 | U24: Sweden | V24: F | W24: 1 | X24: 1 | Y24: 1 | Z24: 4 | AA24: 0 | AB24: 2 | AC24: 3
A25: Sweden | B25: =C25&D25 -> F3 | C25: F | D25: 3 | K25: Sweden | L25: F | M25: {=SUMPRODUCT( (('Group Stage'!$C$2:$C$73=A25)*('Group Stage'!$E$2:$E$73>'Group Stage'!$F$2:$F$73))+ (('Group Stage'!$D$2:$D$73=A25)*('Group Stage'!$F$2:$F$73>'Group Stage'!$E$2:$E$73)) )} -> 1 | N25: {=SUMPRODUCT( (('Group Stage'!$C$2:$C$73=A25)*('Group Stage'!$E$2:$E$73='Group Stage'!$F$2:$F$73))+ (('Group Stage'!$D$2:$D$73=A25)*('Group Stage'!$F$2:$F$73='Group Stage'!$E$2:$E$73)) )} -> 1 | O25: {=SUMPRODUCT( (('Group Stage'!$C$2:$C$73=A25)*('Group Stage'!$E$2:$E$73<'Group Stage'!$F$2:$F$73))+ (('Group Stage'!$D$2:$D$73=A25)*('Group Stage'!$F$2:$F$73<'Group Stage'!$E$2:$E$73)) )} -> 1 | P25: {=SUMPRODUCT( (('Group Stage'!$C$2:$C$73=A25)*('Group Stage'!$E$2:$E$73>'Group Stage'!$F$2:$F$73))*3+ (('Group Stage'!$D$2:$D$73=A25)*('Group Stage'!$F$2:$F$73>'Group Stage'!$E$2:$E$73))*3+ (('Group Stage'!$C$2:$C$73=A25)*('Group Stage'!$E$2:$E$73='Group Stage'!$F$2:$F$73))*1+ (('Group Stage'!$D$2:$D$73=A25)*('Group Stage'!$F$2:$F$73='Group Stage'!$E$2:$E$73))*1 )} -> 4 | Q25: {=SUMPRODUCT( ('Group Stage'!$C$2:$C$73=A25)*('Group Stage'!$E$2:$E$73-'Group Stage'!$F$2:$F$73)+ ('Group Stage'!$D$2:$D$73=A25)*('Group Stage'!$F$2:$F$73-'Group Stage'!$E$2:$E$73) )} -> 0 | R25: {=SUMPRODUCT( ('Group Stage'!$C$2:$C$73=A25)*'Group Stage'!$E$2:$E$73+ ('Group Stage'!$D$2:$D$73=A25)*'Group Stage'!$F$2:$F$73 )} -> 2 | S25: {=SUMPRODUCT( (('Elimination Rounds'!$L$2:$L$49=L25)* (('Elimination Rounds'!$P$2:$P$49>P25)+ ('Elimination Rounds'!$P$2:$P$49=P25)*('Elimination Rounds'!$Q$2:$Q$49>Q25)+ ('Elimination Rounds'!$P$2:$P$49=P25)*('Elimination Rounds'!$Q$2:$Q$49=Q25)*('Elimination Rounds'!$R$2:$R$49>R25))) )+1} -> 3 | U25: Tunisia | V25: F | W25: 0 | X25: 0 | Y25: 3 | Z25: 0 | AA25: -5 | AB25: 0 | AC25: 4 | AF25: Team | AG25: Code | AH25: Win | AI25: D | AJ25: L | AK25: Pts | AL25: GD | AM25: GF | AN25: Group Rank
A26: Belgium | B26: =C26&D26 -> G1 | C26: G | D26: 1 | E26: 1 | F26: 1 | K26: Belgium | L26: G | M26: {=SUMPRODUCT( (('Group Stage'!$C$2:$C$73=A26)*('Group Stage'!$E$2:$E$73>'Group Stage'!$F$2:$F$73))+ (('Group Stage'!$D$2:$D$73=A26)*('Group Stage'!$F$2:$F$73>'Group Stage'!$E$2:$E$73)) )} -> 3 | N26: {=SUMPRODUCT( (('Group Stage'!$C$2:$C$73=A26)*('Group Stage'!$E$2:$E$73='Group Stage'!$F$2:$F$73))+ (('Group Stage'!$D$2:$D$73=A26)*('Group Stage'!$F$2:$F$73='Group Stage'!$E$2:$E$73)) )} -> 0 | O26: {=SUMPRODUCT( (('Group Stage'!$C$2:$C$73=A26)*('Group Stage'!$E$2:$E$73<'Group Stage'!$F$2:$F$73))+ (('Group Stage'!$D$2:$D$73=A26)*('Group Stage'!$F$2:$F$73<'Group Stage'!$E$2:$E$73)) )} -> 0 | P26: {=SUMPRODUCT( (('Group Stage'!$C$2:$C$73=A26)*('Group Stage'!$E$2:$E$73>'Group Stage'!$F$2:$F$73))*3+ (('Group Stage'!$D$2:$D$73=A26)*('Group Stage'!$F$2:$F$73>'Group Stage'!$E$2:$E$73))*3+ (('Group Stage'!$C$2:$C$73=A26)*('Group Stage'!$E$2:$E$73='Group Stage'!$F$2:$F$73))*1+ (('Group Stage'!$D$2:$D$73=A26)*('Group Stage'!$F$2:$F$73='Group Stage'!$E$2:$E$73))*1 )} -> 9 | Q26: {=SUMPRODUCT( ('Group Stage'!$C$2:$C$73=A26)*('Group Stage'!$E$2:$E$73-'Group Stage'!$F$2:$F$73)+ ('Group Stage'!$D$2:$D$73=A26)*('Group Stage'!$F$2:$F$73-'Group Stage'!$E$2:$E$73) )} -> 6 | R26: {=SUMPRODUCT( ('Group Stage'!$C$2:$C$73=A26)*'Group Stage'!$E$2:$E$73+ ('Group Stage'!$D$2:$D$73=A26)*'Group Stage'!$F$2:$F$73 )} -> 6 | S26: {=SUMPRODUCT( (('Elimination Rounds'!$L$2:$L$49=L26)* (('Elimination Rounds'!$P$2:$P$49>P26)+ ('Elimination Rounds'!$P$2:$P$49=P26)*('Elimination Rounds'!$Q$2:$Q$49>Q26)+ ('Elimination Rounds'!$P$2:$P$49=P26)*('Elimination Rounds'!$Q$2:$Q$49=Q26)*('Elimination Rounds'!$R$2:$R$49>R26))) )+1} -> 1 | U26: Belgium | V26: G | W26: 3 | X26: 0 | Y26: 0 | Z26: 9 | AA26: 6 | AB26: 6 | AC26: 1 | AF26: =U18 -> Germany | AG26: =V18 -> E | AH26: =W18 -> 3 | AI26: =X18 -> 0 | AJ26: =Y18 -> 0 | AK26: =Z18 -> 9 | AL26: =AA18 -> 5 | AM26: =AB18 -> 5 | AN26: =AC18 -> 1
A27: Iran | B27: =C27&D27 -> G3 | C27: G | D27: 3 | K27: Iran | L27: G | M27: {=SUMPRODUCT( (('Group Stage'!$C$2:$C$73=A27)*('Group Stage'!$E$2:$E$73>'Group Stage'!$F$2:$F$73))+ (('Group Stage'!$D$2:$D$73=A27)*('Group Stage'!$F$2:$F$73>'Group Stage'!$E$2:$E$73)) )} -> 1 | N27: {=SUMPRODUCT( (('Group Stage'!$C$2:$C$73=A27)*('Group Stage'!$E$2:$E$73='Group Stage'!$F$2:$F$73))+ (('Group Stage'!$D$2:$D$73=A27)*('Group Stage'!$F$2:$F$73='Group Stage'!$E$2:$E$73)) )} -> 0 | O27: {=SUMPRODUCT( (('Group Stage'!$C$2:$C$73=A27)*('Group Stage'!$E$2:$E$73<'Group Stage'!$F$2:$F$73))+ (('Group Stage'!$D$2:$D$73=A27)*('Group Stage'!$F$2:$F$73<'Group Stage'!$E$2:$E$73)) )} -> 2 | P27: {=SUMPRODUCT( (('Group Stage'!$C$2:$C$73=A27)*('Group Stage'!$E$2:$E$73>'Group Stage'!$F$2:$F$73))*3+ (('Group Stage'!$D$2:$D$73=A27)*('Group Stage'!$F$2:$F$73>'Group Stage'!$E$2:$E$73))*3+ (('Group Stage'!$C$2:$C$73=A27)*('Group Stage'!$E$2:$E$73='Group Stage'!$F$2:$F$73))*1+ (('Group Stage'!$D$2:$D$73=A27)*('Group Stage'!$F$2:$F$73='Group Stage'!$E$2:$E$73))*1 )} -> 3 | Q27: {=SUMPRODUCT( ('Group Stage'!$C$2:$C$73=A27)*('Group Stage'!$E$2:$E$73-'Group Stage'!$F$2:$F$73)+ ('Group Stage'!$D$2:$D$73=A27)*('Group Stage'!$F$2:$F$73-'Group Stage'!$E$2:$E$73) )} -> -2 | R27: {=SUMPRODUCT( ('Group Stage'!$C$2:$C$73=A27)*'Group Stage'!$E$2:$E$73+ ('Group Stage'!$D$2:$D$73=A27)*'Group Stage'!$F$2:$F$73 )} -> 1 | S27: {=SUMPRODUCT( (('Elimination Rounds'!$L$2:$L$49=L27)* (('Elimination Rounds'!$P$2:$P$49>P27)+ ('Elimination Rounds'!$P$2:$P$49=P27)*('Elimination Rounds'!$Q$2:$Q$49>Q27)+ ('Elimination Rounds'!$P$2:$P$49=P27)*('Elimination Rounds'!$Q$2:$Q$49=Q27)*('Elimination Rounds'!$R$2:$R$49>R27))) )+1} -> 3 | U27: Egypt | V27: G | W27: 2 | X27: 0 | Y27: 1 | Z27: 6 | AA27: 0 | AB27: 2 | AC27: 2 | AF27: =U19 -> Ecuador | AG27: =V19 -> E | AH27: =W19 -> 1 | AI27: =X19 -> 1 | AJ27: =Y19 -> 1 | AK27: =Z19 -> 4 | AL27: =AA19 -> 1 | AM27: =AB19 -> 3 | AN27: =AC19 -> 2
A28: Egypt | B28: =C28&D28 -> G2 | C28: G | D28: 2 | K28: Egypt | L28: G | M28: {=SUMPRODUCT( (('Group Stage'!$C$2:$C$73=A28)*('Group Stage'!$E$2:$E$73>'Group Stage'!$F$2:$F$73))+ (('Group Stage'!$D$2:$D$73=A28)*('Group Stage'!$F$2:$F$73>'Group Stage'!$E$2:$E$73)) )} -> 2 | N28: {=SUMPRODUCT( (('Group Stage'!$C$2:$C$73=A28)*('Group Stage'!$E$2:$E$73='Group Stage'!$F$2:$F$73))+ (('Group Stage'!$D$2:$D$73=A28)*('Group Stage'!$F$2:$F$73='Group Stage'!$E$2:$E$73)) )} -> 0 | O28: {=SUMPRODUCT( (('Group Stage'!$C$2:$C$73=A28)*('Group Stage'!$E$2:$E$73<'Group Stage'!$F$2:$F$73))+ (('Group Stage'!$D$2:$D$73=A28)*('Group Stage'!$F$2:$F$73<'Group Stage'!$E$2:$E$73)) )} -> 1 | P28: {=SUMPRODUCT( (('Group Stage'!$C$2:$C$73=A28)*('Group Stage'!$E$2:$E$73>'Group Stage'!$F$2:$F$73))*3+ (('Group Stage'!$D$2:$D$73=A28)*('Group Stage'!$F$2:$F$73>'Group Stage'!$E$2:$E$73))*3+ (('Group Stage'!$C$2:$C$73=A28)*('Group Stage'!$E$2:$E$73='Group Stage'!$F$2:$F$73))*1+ (('Group Stage'!$D$2:$D$73=A28)*('Group Stage'!$F$2:$F$73='Group Stage'!$E$2:$E$73))*1 )} -> 6 | Q28: {=SUMPRODUCT( ('Group Stage'!$C$2:$C$73=A28)*('Group Stage'!$E$2:$E$73-'Group Stage'!$F$2:$F$73)+ ('Group Stage'!$D$2:$D$73=A28)*('Group Stage'!$F$2:$F$73-'Group Stage'!$E$2:$E$73) )} -> 0 | R28: {=SUMPRODUCT( ('Group Stage'!$C$2:$C$73=A28)*'Group Stage'!$E$2:$E$73+ ('Group Stage'!$D$2:$D$73=A28)*'Group Stage'!$F$2:$F$73 )} -> 2 | S28: {=SUMPRODUCT( (('Elimination Rounds'!$L$2:$L$49=L28)* (('Elimination Rounds'!$P$2:$P$49>P28)+ ('Elimination Rounds'!$P$2:$P$49=P28)*('Elimination Rounds'!$Q$2:$Q$49>Q28)+ ('Elimination Rounds'!$P$2:$P$49=P28)*('Elimination Rounds'!$Q$2:$Q$49=Q28)*('Elimination Rounds'!$R$2:$R$49>R28))) )+1} -> 2 | U28: Iran | V28: G | W28: 1 | X28: 0 | Y28: 2 | Z28: 3 | AA28: -2 | AB28: 1 | AC28: 3 | AF28: =U20 -> Ivory Coast | AG28: =V20 -> E | AH28: =W20 -> 1 | AI28: =X20 -> 1 | AJ28: =Y20 -> 1 | AK28: =Z20 -> 4 | AL28: =AA20 -> 0 | AM28: =AB20 -> 3 | AN28: =AC20 -> 3
A29: New Zealand | B29: =C29&D29 -> G4 | C29: G | D29: 4 | K29: New Zealand | L29: G | M29: {=SUMPRODUCT( (('Group Stage'!$C$2:$C$73=A29)*('Group Stage'!$E$2:$E$73>'Group Stage'!$F$2:$F$73))+ (('Group Stage'!$D$2:$D$73=A29)*('Group Stage'!$F$2:$F$73>'Group Stage'!$E$2:$E$73)) )} -> 0 | N29: {=SUMPRODUCT( (('Group Stage'!$C$2:$C$73=A29)*('Group Stage'!$E$2:$E$73='Group Stage'!$F$2:$F$73))+ (('Group Stage'!$D$2:$D$73=A29)*('Group Stage'!$F$2:$F$73='Group Stage'!$E$2:$E$73)) )} -> 0 | O29: {=SUMPRODUCT( (('Group Stage'!$C$2:$C$73=A29)*('Group Stage'!$E$2:$E$73<'Group Stage'!$F$2:$F$73))+ (('Group Stage'!$D$2:$D$73=A29)*('Group Stage'!$F$2:$F$73<'Group Stage'!$E$2:$E$73)) )} -> 3 | P29: {=SUMPRODUCT( (('Group Stage'!$C$2:$C$73=A29)*('Group Stage'!$E$2:$E$73>'Group Stage'!$F$2:$F$73))*3+ (('Group Stage'!$D$2:$D$73=A29)*('Group Stage'!$F$2:$F$73>'Group Stage'!$E$2:$E$73))*3+ (('Group Stage'!$C$2:$C$73=A29)*('Group Stage'!$E$2:$E$73='Group Stage'!$F$2:$F$73))*1+ (('Group Stage'!$D$2:$D$73=A29)*('Group Stage'!$F$2:$F$73='Group Stage'!$E$2:$E$73))*1 )} -> 0 | Q29: {=SUMPRODUCT( ('Group Stage'!$C$2:$C$73=A29)*('Group Stage'!$E$2:$E$73-'Group Stage'!$F$2:$F$73)+ ('Group Stage'!$D$2:$D$73=A29)*('Group Stage'!$F$2:$F$73-'Group Stage'!$E$2:$E$73) )} -> -4 | R29: {=SUMPRODUCT( ('Group Stage'!$C$2:$C$73=A29)*'Group Stage'!$E$2:$E$73+ ('Group Stage'!$D$2:$D$73=A29)*'Group Stage'!$F$2:$F$73 )} -> 0 | S29: {=SUMPRODUCT( (('Elimination Rounds'!$L$2:$L$49=L29)* (('Elimination Rounds'!$P$2:$P$49>P29)+ ('Elimination Rounds'!$P$2:$P$49=P29)*('Elimination Rounds'!$Q$2:$Q$49>Q29)+ ('Elimination Rounds'!$P$2:$P$49=P29)*('Elimination Rounds'!$Q$2:$Q$49=Q29)*('Elimination Rounds'!$R$2:$R$49>R29))) )+1} -> 4 | U29: New Zealand | V29: G | W29: 0 | X29: 0 | Y29: 3 | Z29: 0 | AA29: -4 | AB29: 0 | AC29: 4 | AF29: =U21 -> Curacao | AG29: =V21 -> E | AH29: =W21 -> 0 | AI29: =X21 -> 0 | AJ29: =Y21 -> 3 | AK29: =Z21 -> 0 | AL29: =AA21 -> -6 | AM29: =AB21 -> 0 | AN29: =AC21 -> 4
A30: Spain | B30: =C30&D30 -> H1 | C30: H | D30: 1 | E30: 1 | F30: 1 | G30: 1 | K30: Spain | L30: H | M30: {=SUMPRODUCT( (('Group Stage'!$C$2:$C$73=A30)*('Group Stage'!$E$2:$E$73>'Group Stage'!$F$2:$F$73))+ (('Group Stage'!$D$2:$D$73=A30)*('Group Stage'!$F$2:$F$73>'Group Stage'!$E$2:$E$73)) )} -> 3 | N30: {=SUMPRODUCT( (('Group Stage'!$C$2:$C$73=A30)*('Group Stage'!$E$2:$E$73='Group Stage'!$F$2:$F$73))+ (('Group Stage'!$D$2:$D$73=A30)*('Group Stage'!$F$2:$F$73='Group Stage'!$E$2:$E$73)) )} -> 0 | O30: {=SUMPRODUCT( (('Group Stage'!$C$2:$C$73=A30)*('Group Stage'!$E$2:$E$73<'Group Stage'!$F$2:$F$73))+ (('Group Stage'!$D$2:$D$73=A30)*('Group Stage'!$F$2:$F$73<'Group Stage'!$E$2:$E$73)) )} -> 0 | P30: {=SUMPRODUCT( (('Group Stage'!$C$2:$C$73=A30)*('Group Stage'!$E$2:$E$73>'Group Stage'!$F$2:$F$73))*3+ (('Group Stage'!$D$2:$D$73=A30)*('Group Stage'!$F$2:$F$73>'Group Stage'!$E$2:$E$73))*3+ (('Group Stage'!$C$2:$C$73=A30)*('Group Stage'!$E$2:$E$73='Group Stage'!$F$2:$F$73))*1+ (('Group Stage'!$D$2:$D$73=A30)*('Group Stage'!$F$2:$F$73='Group Stage'!$E$2:$E$73))*1 )} -> 9 | Q30: {=SUMPRODUCT( ('Group Stage'!$C$2:$C$73=A30)*('Group Stage'!$E$2:$E$73-'Group Stage'!$F$2:$F$73)+ ('Group Stage'!$D$2:$D$73=A30)*('Group Stage'!$F$2:$F$73-'Group Stage'!$E$2:$E$73) )} -> 6 | R30: {=SUMPRODUCT( ('Group Stage'!$C$2:$C$73=A30)*'Group Stage'!$E$2:$E$73+ ('Group Stage'!$D$2:$D$73=A30)*'Group Stage'!$F$2:$F$73 )} -> 6 | S30: {=SUMPRODUCT( (('Elimination Rounds'!$L$2:$L$49=L30)* (('Elimination Rounds'!$P$2:$P$49>P30)+ ('Elimination Rounds'!$P$2:$P$49=P30)*('Elimination Rounds'!$Q$2:$Q$49>Q30)+ ('Elimination Rounds'!$P$2:$P$49=P30)*('Elimination Rounds'!$Q$2:$Q$49=Q30)*('Elimination Rounds'!$R$2:$R$49>R30))) )+1} -> 1 | U30: Spain | V30: H | W30: 3 | X30: 0 | Y30: 0 | Z30: 9 | AA30: 6 | AB30: 6 | AC30: 1
A31: Uruguay | B31: =C31&D31 -> H2 | C31: H | D31: 2 | K31: Uruguay | L31: H | M31: {=SUMPRODUCT( (('Group Stage'!$C$2:$C$73=A31)*('Group Stage'!$E$2:$E$73>'Group Stage'!$F$2:$F$73))+ (('Group Stage'!$D$2:$D$73=A31)*('Group Stage'!$F$2:$F$73>'Group Stage'!$E$2:$E$73)) )} -> 2 | N31: {=SUMPRODUCT( (('Group Stage'!$C$2:$C$73=A31)*('Group Stage'!$E$2:$E$73='Group Stage'!$F$2:$F$73))+ (('Group Stage'!$D$2:$D$73=A31)*('Group Stage'!$F$2:$F$73='Group Stage'!$E$2:$E$73)) )} -> 0 | O31: {=SUMPRODUCT( (('Group Stage'!$C$2:$C$73=A31)*('Group Stage'!$E$2:$E$73<'Group Stage'!$F$2:$F$73))+ (('Group Stage'!$D$2:$D$73=A31)*('Group Stage'!$F$2:$F$73<'Group Stage'!$E$2:$E$73)) )} -> 1 | P31: {=SUMPRODUCT( (('Group Stage'!$C$2:$C$73=A31)*('Group Stage'!$E$2:$E$73>'Group Stage'!$F$2:$F$73))*3+ (('Group Stage'!$D$2:$D$73=A31)*('Group Stage'!$F$2:$F$73>'Group Stage'!$E$2:$E$73))*3+ (('Group Stage'!$C$2:$C$73=A31)*('Group Stage'!$E$2:$E$73='Group Stage'!$F$2:$F$73))*1+ (('Group Stage'!$D$2:$D$73=A31)*('Group Stage'!$F$2:$F$73='Group Stage'!$E$2:$E$73))*1 )} -> 6 | Q31: {=SUMPRODUCT( ('Group Stage'!$C$2:$C$73=A31)*('Group Stage'!$E$2:$E$73-'Group Stage'!$F$2:$F$73)+ ('Group Stage'!$D$2:$D$73=A31)*('Group Stage'!$F$2:$F$73-'Group Stage'!$E$2:$E$73) )} -> 3 | R31: {=SUMPRODUCT( ('Group Stage'!$C$2:$C$73=A31)*'Group Stage'!$E$2:$E$73+ ('Group Stage'!$D$2:$D$73=A31)*'Group Stage'!$F$2:$F$73 )} -> 4 | S31: {=SUMPRODUCT( (('Elimination Rounds'!$L$2:$L$49=L31)* (('Elimination Rounds'!$P$2:$P$49>P31)+ ('Elimination Rounds'!$P$2:$P$49=P31)*('Elimination Rounds'!$Q$2:$Q$49>Q31)+ ('Elimination Rounds'!$P$2:$P$49=P31)*('Elimination Rounds'!$Q$2:$Q$49=Q31)*('Elimination Rounds'!$R$2:$R$49>R31))) )+1} -> 2 | U31: Uruguay | V31: H | W31: 2 | X31: 0 | Y31: 1 | Z31: 6 | AA31: 3 | AB31: 4 | AC31: 2 | AF31: Team | AG31: Code | AH31: Win | AI31: D | AJ31: L | AK31: Pts | AL31: GD | AM31: GF | AN31: Group Rank
A32: Saudi Arabia | B32: =C32&D32 -> H4 | C32: H | D32: 4 | K32: Saudi Arabia | L32: H | M32: {=SUMPRODUCT( (('Group Stage'!$C$2:$C$73=A32)*('Group Stage'!$E$2:$E$73>'Group Stage'!$F$2:$F$73))+ (('Group Stage'!$D$2:$D$73=A32)*('Group Stage'!$F$2:$F$73>'Group Stage'!$E$2:$E$73)) )} -> 0 | N32: {=SUMPRODUCT( (('Group Stage'!$C$2:$C$73=A32)*('Group Stage'!$E$2:$E$73='Group Stage'!$F$2:$F$73))+ (('Group Stage'!$D$2:$D$73=A32)*('Group Stage'!$F$2:$F$73='Group Stage'!$E$2:$E$73)) )} -> 1 | O32: {=SUMPRODUCT( (('Group Stage'!$C$2:$C$73=A32)*('Group Stage'!$E$2:$E$73<'Group Stage'!$F$2:$F$73))+ (('Group Stage'!$D$2:$D$73=A32)*('Group Stage'!$F$2:$F$73<'Group Stage'!$E$2:$E$73)) )} -> 2 | P32: {=SUMPRODUCT( (('Group Stage'!$C$2:$C$73=A32)*('Group Stage'!$E$2:$E$73>'Group Stage'!$F$2:$F$73))*3+ (('Group Stage'!$D$2:$D$73=A32)*('Group Stage'!$F$2:$F$73>'Group Stage'!$E$2:$E$73))*3+ (('Group Stage'!$C$2:$C$73=A32)*('Group Stage'!$E$2:$E$73='Group Stage'!$F$2:$F$73))*1+ (('Group Stage'!$D$2:$D$73=A32)*('Group Stage'!$F$2:$F$73='Group Stage'!$E$2:$E$73))*1 )} -> 1 | Q32: {=SUMPRODUCT( ('Group Stage'!$C$2:$C$73=A32)*('Group Stage'!$E$2:$E$73-'Group Stage'!$F$2:$F$73)+ ('Group Stage'!$D$2:$D$73=A32)*('Group Stage'!$F$2:$F$73-'Group Stage'!$E$2:$E$73) )} -> -5 | R32: {=SUMPRODUCT( ('Group Stage'!$C$2:$C$73=A32)*'Group Stage'!$E$2:$E$73+ ('Group Stage'!$D$2:$D$73=A32)*'Group Stage'!$F$2:$F$73 )} -> 0 | S32: {=SUMPRODUCT( (('Elimination Rounds'!$L$2:$L$49=L32)* (('Elimination Rounds'!$P$2:$P$49>P32)+ ('Elimination Rounds'!$P$2:$P$49=P32)*('Elimination Rounds'!$Q$2:$Q$49>Q32)+ ('Elimination Rounds'!$P$2:$P$49=P32)*('Elimination Rounds'!$Q$2:$Q$49=Q32)*('Elimination Rounds'!$R$2:$R$49>R32))) )+1} -> 4 | U32: Cape Verde | V32: H | W32: 0 | X32: 1 | Y32: 2 | Z32: 1 | AA32: -4 | AB32: 0 | AC32: 3 | AF32: =U22 -> Netherlands | AG32: =V22 -> F | AH32: =W22 -> 3 | AI32: =X22 -> 0 | AJ32: =Y22 -> 0 | AK32: =Z22 -> 9 | AL32: =AA22 -> 4 | AM32: =AB22 -> 4 | AN32: =AC22 -> 1
A33: Cape Verde | B33: =C33&D33 -> H3 | C33: H | D33: 3 | K33: Cape Verde | L33: H | M33: {=SUMPRODUCT( (('Group Stage'!$C$2:$C$73=A33)*('Group Stage'!$E$2:$E$73>'Group Stage'!$F$2:$F$73))+ (('Group Stage'!$D$2:$D$73=A33)*('Group Stage'!$F$2:$F$73>'Group Stage'!$E$2:$E$73)) )} -> 0 | N33: {=SUMPRODUCT( (('Group Stage'!$C$2:$C$73=A33)*('Group Stage'!$E$2:$E$73='Group Stage'!$F$2:$F$73))+ (('Group Stage'!$D$2:$D$73=A33)*('Group Stage'!$F$2:$F$73='Group Stage'!$E$2:$E$73)) )} -> 1 | O33: {=SUMPRODUCT( (('Group Stage'!$C$2:$C$73=A33)*('Group Stage'!$E$2:$E$73<'Group Stage'!$F$2:$F$73))+ (('Group Stage'!$D$2:$D$73=A33)*('Group Stage'!$F$2:$F$73<'Group Stage'!$E$2:$E$73)) )} -> 2 | P33: {=SUMPRODUCT( (('Group Stage'!$C$2:$C$73=A33)*('Group Stage'!$E$2:$E$73>'Group Stage'!$F$2:$F$73))*3+ (('Group Stage'!$D$2:$D$73=A33)*('Group Stage'!$F$2:$F$73>'Group Stage'!$E$2:$E$73))*3+ (('Group Stage'!$C$2:$C$73=A33)*('Group Stage'!$E$2:$E$73='Group Stage'!$F$2:$F$73))*1+ (('Group Stage'!$D$2:$D$73=A33)*('Group Stage'!$F$2:$F$73='Group Stage'!$E$2:$E$73))*1 )} -> 1 | Q33: {=SUMPRODUCT( ('Group Stage'!$C$2:$C$73=A33)*('Group Stage'!$E$2:$E$73-'Group Stage'!$F$2:$F$73)+ ('Group Stage'!$D$2:$D$73=A33)*('Group Stage'!$F$2:$F$73-'Group Stage'!$E$2:$E$73) )} -> -4 | R33: {=SUMPRODUCT( ('Group Stage'!$C$2:$C$73=A33)*'Group Stage'!$E$2:$E$73+ ('Group Stage'!$D$2:$D$73=A33)*'Group Stage'!$F$2:$F$73 )} -> 0 | S33: {=SUMPRODUCT( (('Elimination Rounds'!$L$2:$L$49=L33)* (('Elimination Rounds'!$P$2:$P$49>P33)+ ('Elimination Rounds'!$P$2:$P$49=P33)*('Elimination Rounds'!$Q$2:$Q$49>Q33)+ ('Elimination Rounds'!$P$2:$P$49=P33)*('Elimination Rounds'!$Q$2:$Q$49=Q33)*('Elimination Rounds'!$R$2:$R$49>R33))) )+1} -> 3 | U33: Saudi Arabia | V33: H | W33: 0 | X33: 1 | Y33: 2 | Z33: 1 | AA33: -5 | AB33: 0 | AC33: 4 | AF33: =U23 -> Japan | AG33: =V23 -> F | AH33: =W23 -> 1 | AI33: =X23 -> 1 | AJ33: =Y23 -> 1 | AK33: =Z23 -> 4 | AL33: =AA23 -> 1 | AM33: =AB23 -> 3 | AN33: =AC23 -> 2
A34: France | B34: =C34&D34 -> I1 | C34: I | D34: 1 | E34: 1 | F34: 1 | G34: 1 | H34: 1 | I34: 1 | K34: France | L34: I | M34: {=SUMPRODUCT( (('Group Stage'!$C$2:$C$73=A34)*('Group Stage'!$E$2:$E$73>'Group Stage'!$F$2:$F$73))+ (('Group Stage'!$D$2:$D$73=A34)*('Group Stage'!$F$2:$F$73>'Group Stage'!$E$2:$E$73)) )} -> 3 | N34: {=SUMPRODUCT( (('Group Stage'!$C$2:$C$73=A34)*('Group Stage'!$E$2:$E$73='Group Stage'!$F$2:$F$73))+ (('Group Stage'!$D$2:$D$73=A34)*('Group Stage'!$F$2:$F$73='Group Stage'!$E$2:$E$73)) )} -> 0 | O34: {=SUMPRODUCT( (('Group Stage'!$C$2:$C$73=A34)*('Group Stage'!$E$2:$E$73<'Group Stage'!$F$2:$F$73))+ (('Group Stage'!$D$2:$D$73=A34)*('Group Stage'!$F$2:$F$73<'Group Stage'!$E$2:$E$73)) )} -> 0 | P34: {=SUMPRODUCT( (('Group Stage'!$C$2:$C$73=A34)*('Group Stage'!$E$2:$E$73>'Group Stage'!$F$2:$F$73))*3+ (('Group Stage'!$D$2:$D$73=A34)*('Group Stage'!$F$2:$F$73>'Group Stage'!$E$2:$E$73))*3+ (('Group Stage'!$C$2:$C$73=A34)*('Group Stage'!$E$2:$E$73='Group Stage'!$F$2:$F$73))*1+ (('Group Stage'!$D$2:$D$73=A34)*('Group Stage'!$F$2:$F$73='Group Stage'!$E$2:$E$73))*1 )} -> 9 | Q34: {=SUMPRODUCT( ('Group Stage'!$C$2:$C$73=A34)*('Group Stage'!$E$2:$E$73-'Group Stage'!$F$2:$F$73)+ ('Group Stage'!$D$2:$D$73=A34)*('Group Stage'!$F$2:$F$73-'Group Stage'!$E$2:$E$73) )} -> 6 | R34: {=SUMPRODUCT( ('Group Stage'!$C$2:$C$73=A34)*'Group Stage'!$E$2:$E$73+ ('Group Stage'!$D$2:$D$73=A34)*'Group Stage'!$F$2:$F$73 )} -> 6 | S34: {=SUMPRODUCT( (('Elimination Rounds'!$L$2:$L$49=L34)* (('Elimination Rounds'!$P$2:$P$49>P34)+ ('Elimination Rounds'!$P$2:$P$49=P34)*('Elimination Rounds'!$Q$2:$Q$49>Q34)+ ('Elimination Rounds'!$P$2:$P$49=P34)*('Elimination Rounds'!$Q$2:$Q$49=Q34)*('Elimination Rounds'!$R$2:$R$49>R34))) )+1} -> 1 | U34: France | V34: I | W34: 3 | X34: 0 | Y34: 0 | Z34: 9 | AA34: 6 | AB34: 6 | AC34: 1 | AF34: =U24 -> Sweden | AG34: =V24 -> F | AH34: =W24 -> 1 | AI34: =X24 -> 1 | AJ34: =Y24 -> 1 | AK34: =Z24 -> 4 | AL34: =AA24 -> 0 | AM34: =AB24 -> 2 | AN34: =AC24 -> 3
A35: Senegal | B35: =C35&D35 -> I3 | C35: I | D35: 3 | K35: Senegal | L35: I | M35: {=SUMPRODUCT( (('Group Stage'!$C$2:$C$73=A35)*('Group Stage'!$E$2:$E$73>'Group Stage'!$F$2:$F$73))+ (('Group Stage'!$D$2:$D$73=A35)*('Group Stage'!$F$2:$F$73>'Group Stage'!$E$2:$E$73)) )} -> 1 | N35: {=SUMPRODUCT( (('Group Stage'!$C$2:$C$73=A35)*('Group Stage'!$E$2:$E$73='Group Stage'!$F$2:$F$73))+ (('Group Stage'!$D$2:$D$73=A35)*('Group Stage'!$F$2:$F$73='Group Stage'!$E$2:$E$73)) )} -> 1 | O35: {=SUMPRODUCT( (('Group Stage'!$C$2:$C$73=A35)*('Group Stage'!$E$2:$E$73<'Group Stage'!$F$2:$F$73))+ (('Group Stage'!$D$2:$D$73=A35)*('Group Stage'!$F$2:$F$73<'Group Stage'!$E$2:$E$73)) )} -> 1 | P35: {=SUMPRODUCT( (('Group Stage'!$C$2:$C$73=A35)*('Group Stage'!$E$2:$E$73>'Group Stage'!$F$2:$F$73))*3+ (('Group Stage'!$D$2:$D$73=A35)*('Group Stage'!$F$2:$F$73>'Group Stage'!$E$2:$E$73))*3+ (('Group Stage'!$C$2:$C$73=A35)*('Group Stage'!$E$2:$E$73='Group Stage'!$F$2:$F$73))*1+ (('Group Stage'!$D$2:$D$73=A35)*('Group Stage'!$F$2:$F$73='Group Stage'!$E$2:$E$73))*1 )} -> 4 | Q35: {=SUMPRODUCT( ('Group Stage'!$C$2:$C$73=A35)*('Group Stage'!$E$2:$E$73-'Group Stage'!$F$2:$F$73)+ ('Group Stage'!$D$2:$D$73=A35)*('Group Stage'!$F$2:$F$73-'Group Stage'!$E$2:$E$73) )} -> -1 | R35: {=SUMPRODUCT( ('Group Stage'!$C$2:$C$73=A35)*'Group Stage'!$E$2:$E$73+ ('Group Stage'!$D$2:$D$73=A35)*'Group Stage'!$F$2:$F$73 )} -> 2 | S35: {=SUMPRODUCT( (('Elimination Rounds'!$L$2:$L$49=L35)* (('Elimination Rounds'!$P$2:$P$49>P35)+ ('Elimination Rounds'!$P$2:$P$49=P35)*('Elimination Rounds'!$Q$2:$Q$49>Q35)+ ('Elimination Rounds'!$P$2:$P$49=P35)*('Elimination Rounds'!$Q$2:$Q$49=Q35)*('Elimination Rounds'!$R$2:$R$49>R35))) )+1} -> 3 | U35: Norway | V35: I | W35: 1 | X35: 1 | Y35: 1 | Z35: 4 | AA35: 0 | AB35: 3 | AC35: 2 | AF35: =U25 -> Tunisia | AG35: =V25 -> F | AH35: =W25 -> 0 | AI35: =X25 -> 0 | AJ35: =Y25 -> 3 | AK35: =Z25 -> 0 | AL35: =AA25 -> -5 | AM35: =AB25 -> 0 | AN35: =AC25 -> 4
A36: Norway | B36: =C36&D36 -> I2 | C36: I | D36: 2 | E36: 1 | K36: Norway | L36: I | M36: {=SUMPRODUCT( (('Group Stage'!$C$2:$C$73=A36)*('Group Stage'!$E$2:$E$73>'Group Stage'!$F$2:$F$73))+ (('Group Stage'!$D$2:$D$73=A36)*('Group Stage'!$F$2:$F$73>'Group Stage'!$E$2:$E$73)) )} -> 1 | N36: {=SUMPRODUCT( (('Group Stage'!$C$2:$C$73=A36)*('Group Stage'!$E$2:$E$73='Group Stage'!$F$2:$F$73))+ (('Group Stage'!$D$2:$D$73=A36)*('Group Stage'!$F$2:$F$73='Group Stage'!$E$2:$E$73)) )} -> 1 | O36: {=SUMPRODUCT( (('Group Stage'!$C$2:$C$73=A36)*('Group Stage'!$E$2:$E$73<'Group Stage'!$F$2:$F$73))+ (('Group Stage'!$D$2:$D$73=A36)*('Group Stage'!$F$2:$F$73<'Group Stage'!$E$2:$E$73)) )} -> 1 | P36: {=SUMPRODUCT( (('Group Stage'!$C$2:$C$73=A36)*('Group Stage'!$E$2:$E$73>'Group Stage'!$F$2:$F$73))*3+ (('Group Stage'!$D$2:$D$73=A36)*('Group Stage'!$F$2:$F$73>'Group Stage'!$E$2:$E$73))*3+ (('Group Stage'!$C$2:$C$73=A36)*('Group Stage'!$E$2:$E$73='Group Stage'!$F$2:$F$73))*1+ (('Group Stage'!$D$2:$D$73=A36)*('Group Stage'!$F$2:$F$73='Group Stage'!$E$2:$E$73))*1 )} -> 4 | Q36: {=SUMPRODUCT( ('Group Stage'!$C$2:$C$73=A36)*('Group Stage'!$E$2:$E$73-'Group Stage'!$F$2:$F$73)+ ('Group Stage'!$D$2:$D$73=A36)*('Group Stage'!$F$2:$F$73-'Group Stage'!$E$2:$E$73) )} -> 0 | R36: {=SUMPRODUCT( ('Group Stage'!$C$2:$C$73=A36)*'Group Stage'!$E$2:$E$73+ ('Group Stage'!$D$2:$D$73=A36)*'Group Stage'!$F$2:$F$73 )} -> 3 | S36: {=SUMPRODUCT( (('Elimination Rounds'!$L$2:$L$49=L36)* (('Elimination Rounds'!$P$2:$P$49>P36)+ ('Elimination Rounds'!$P$2:$P$49=P36)*('Elimination Rounds'!$Q$2:$Q$49>Q36)+ ('Elimination Rounds'!$P$2:$P$49=P36)*('Elimination Rounds'!$Q$2:$Q$49=Q36)*('Elimination Rounds'!$R$2:$R$49>R36))) )+1} -> 2 | U36: Senegal | V36: I | W36: 1 | X36: 1 | Y36: 1 | Z36: 4 | AA36: -1 | AB36: 2 | AC36: 3
A37: Iraq | B37: =C37&D37 -> I4 | C37: I | D37: 4 | K37: Iraq | L37: I | M37: {=SUMPRODUCT( (('Group Stage'!$C$2:$C$73=A37)*('Group Stage'!$E$2:$E$73>'Group Stage'!$F$2:$F$73))+ (('Group Stage'!$D$2:$D$73=A37)*('Group Stage'!$F$2:$F$73>'Group Stage'!$E$2:$E$73)) )} -> 0 | N37: {=SUMPRODUCT( (('Group Stage'!$C$2:$C$73=A37)*('Group Stage'!$E$2:$E$73='Group Stage'!$F$2:$F$73))+ (('Group Stage'!$D$2:$D$73=A37)*('Group Stage'!$F$2:$F$73='Group Stage'!$E$2:$E$73)) )} -> 0 | O37: {=SUMPRODUCT( (('Group Stage'!$C$2:$C$73=A37)*('Group Stage'!$E$2:$E$73<'Group Stage'!$F$2:$F$73))+ (('Group Stage'!$D$2:$D$73=A37)*('Group Stage'!$F$2:$F$73<'Group Stage'!$E$2:$E$73)) )} -> 3 | P37: {=SUMPRODUCT( (('Group Stage'!$C$2:$C$73=A37)*('Group Stage'!$E$2:$E$73>'Group Stage'!$F$2:$F$73))*3+ (('Group Stage'!$D$2:$D$73=A37)*('Group Stage'!$F$2:$F$73>'Group Stage'!$E$2:$E$73))*3+ (('Group Stage'!$C$2:$C$73=A37)*('Group Stage'!$E$2:$E$73='Group Stage'!$F$2:$F$73))*1+ (('Group Stage'!$D$2:$D$73=A37)*('Group Stage'!$F$2:$F$73='Group Stage'!$E$2:$E$73))*1 )} -> 0 | Q37: {=SUMPRODUCT( ('Group Stage'!$C$2:$C$73=A37)*('Group Stage'!$E$2:$E$73-'Group Stage'!$F$2:$F$73)+ ('Group Stage'!$D$2:$D$73=A37)*('Group Stage'!$F$2:$F$73-'Group Stage'!$E$2:$E$73) )} -> -5 | R37: {=SUMPRODUCT( ('Group Stage'!$C$2:$C$73=A37)*'Group Stage'!$E$2:$E$73+ ('Group Stage'!$D$2:$D$73=A37)*'Group Stage'!$F$2:$F$73 )} -> 0 | S37: {=SUMPRODUCT( (('Elimination Rounds'!$L$2:$L$49=L37)* (('Elimination Rounds'!$P$2:$P$49>P37)+ ('Elimination Rounds'!$P$2:$P$49=P37)*('Elimination Rounds'!$Q$2:$Q$49>Q37)+ ('Elimination Rounds'!$P$2:$P$49=P37)*('Elimination Rounds'!$Q$2:$Q$49=Q37)*('Elimination Rounds'!$R$2:$R$49>R37))) )+1} -> 4 | U37: Iraq | V37: I | W37: 0 | X37: 0 | Y37: 3 | Z37: 0 | AA37: -5 | AB37: 0 | AC37: 4 | AF37: Team | AG37: Code | AH37: Win | AI37: D | AJ37: L | AK37: Pts | AL37: GD | AM37: GF | AN37: Group Rank
A38: Argentina | B38: =C38&D38 -> J1 | C38: J | D38: 1 | E38: 1 | F38: 1 | K38: Argentina | L38: J | M38: {=SUMPRODUCT( (('Group Stage'!$C$2:$C$73=A38)*('Group Stage'!$E$2:$E$73>'Group Stage'!$F$2:$F$73))+ (('Group Stage'!$D$2:$D$73=A38)*('Group Stage'!$F$2:$F$73>'Group Stage'!$E$2:$E$73)) )} -> 3 | N38: {=SUMPRODUCT( (('Group Stage'!$C$2:$C$73=A38)*('Group Stage'!$E$2:$E$73='Group Stage'!$F$2:$F$73))+ (('Group Stage'!$D$2:$D$73=A38)*('Group Stage'!$F$2:$F$73='Group Stage'!$E$2:$E$73)) )} -> 0 | O38: {=SUMPRODUCT( (('Group Stage'!$C$2:$C$73=A38)*('Group Stage'!$E$2:$E$73<'Group Stage'!$F$2:$F$73))+ (('Group Stage'!$D$2:$D$73=A38)*('Group Stage'!$F$2:$F$73<'Group Stage'!$E$2:$E$73)) )} -> 0 | P38: {=SUMPRODUCT( (('Group Stage'!$C$2:$C$73=A38)*('Group Stage'!$E$2:$E$73>'Group Stage'!$F$2:$F$73))*3+ (('Group Stage'!$D$2:$D$73=A38)*('Group Stage'!$F$2:$F$73>'Group Stage'!$E$2:$E$73))*3+ (('Group Stage'!$C$2:$C$73=A38)*('Group Stage'!$E$2:$E$73='Group Stage'!$F$2:$F$73))*1+ (('Group Stage'!$D$2:$D$73=A38)*('Group Stage'!$F$2:$F$73='Group Stage'!$E$2:$E$73))*1 )} -> 9 | Q38: {=SUMPRODUCT( ('Group Stage'!$C$2:$C$73=A38)*('Group Stage'!$E$2:$E$73-'Group Stage'!$F$2:$F$73)+ ('Group Stage'!$D$2:$D$73=A38)*('Group Stage'!$F$2:$F$73-'Group Stage'!$E$2:$E$73) )} -> 6 | R38: {=SUMPRODUCT( ('Group Stage'!$C$2:$C$73=A38)*'Group Stage'!$E$2:$E$73+ ('Group Stage'!$D$2:$D$73=A38)*'Group Stage'!$F$2:$F$73 )} -> 6 | S38: {=SUMPRODUCT( (('Elimination Rounds'!$L$2:$L$49=L38)* (('Elimination Rounds'!$P$2:$P$49>P38)+ ('Elimination Rounds'!$P$2:$P$49=P38)*('Elimination Rounds'!$Q$2:$Q$49>Q38)+ ('Elimination Rounds'!$P$2:$P$49=P38)*('Elimination Rounds'!$Q$2:$Q$49=Q38)*('Elimination Rounds'!$R$2:$R$49>R38))) )+1} -> 1 | U38: Argentina | V38: J | W38: 3 | X38: 0 | Y38: 0 | Z38: 9 | AA38: 6 | AB38: 6 | AC38: 1 | AF38: =U26 -> Belgium | AG38: =V26 -> G | AH38: =W26 -> 3 | AI38: =X26 -> 0 | AJ38: =Y26 -> 0 | AK38: =Z26 -> 9 | AL38: =AA26 -> 6 | AM38: =AB26 -> 6 | AN38: =AC26 -> 1
A39: Austria | B39: =C39&D39 -> J2 | C39: J | D39: 2 | K39: Austria | L39: J | M39: {=SUMPRODUCT( (('Group Stage'!$C$2:$C$73=A39)*('Group Stage'!$E$2:$E$73>'Group Stage'!$F$2:$F$73))+ (('Group Stage'!$D$2:$D$73=A39)*('Group Stage'!$F$2:$F$73>'Group Stage'!$E$2:$E$73)) )} -> 2 | N39: {=SUMPRODUCT( (('Group Stage'!$C$2:$C$73=A39)*('Group Stage'!$E$2:$E$73='Group Stage'!$F$2:$F$73))+ (('Group Stage'!$D$2:$D$73=A39)*('Group Stage'!$F$2:$F$73='Group Stage'!$E$2:$E$73)) )} -> 0 | O39: {=SUMPRODUCT( (('Group Stage'!$C$2:$C$73=A39)*('Group Stage'!$E$2:$E$73<'Group Stage'!$F$2:$F$73))+ (('Group Stage'!$D$2:$D$73=A39)*('Group Stage'!$F$2:$F$73<'Group Stage'!$E$2:$E$73)) )} -> 1 | P39: {=SUMPRODUCT( (('Group Stage'!$C$2:$C$73=A39)*('Group Stage'!$E$2:$E$73>'Group Stage'!$F$2:$F$73))*3+ (('Group Stage'!$D$2:$D$73=A39)*('Group Stage'!$F$2:$F$73>'Group Stage'!$E$2:$E$73))*3+ (('Group Stage'!$C$2:$C$73=A39)*('Group Stage'!$E$2:$E$73='Group Stage'!$F$2:$F$73))*1+ (('Group Stage'!$D$2:$D$73=A39)*('Group Stage'!$F$2:$F$73='Group Stage'!$E$2:$E$73))*1 )} -> 6 | Q39: {=SUMPRODUCT( ('Group Stage'!$C$2:$C$73=A39)*('Group Stage'!$E$2:$E$73-'Group Stage'!$F$2:$F$73)+ ('Group Stage'!$D$2:$D$73=A39)*('Group Stage'!$F$2:$F$73-'Group Stage'!$E$2:$E$73) )} -> 1 | R39: {=SUMPRODUCT( ('Group Stage'!$C$2:$C$73=A39)*'Group Stage'!$E$2:$E$73+ ('Group Stage'!$D$2:$D$73=A39)*'Group Stage'!$F$2:$F$73 )} -> 2 | S39: {=SUMPRODUCT( (('Elimination Rounds'!$L$2:$L$49=L39)* (('Elimination Rounds'!$P$2:$P$49>P39)+ ('Elimination Rounds'!$P$2:$P$49=P39)*('Elimination Rounds'!$Q$2:$Q$49>Q39)+ ('Elimination Rounds'!$P$2:$P$49=P39)*('Elimination Rounds'!$Q$2:$Q$49=Q39)*('Elimination Rounds'!$R$2:$R$49>R39))) )+1} -> 2 | U39: Austria | V39: J | W39: 2 | X39: 0 | Y39: 1 | Z39: 6 | AA39: 1 | AB39: 2 | AC39: 2 | AF39: =U27 -> Egypt | AG39: =V27 -> G | AH39: =W27 -> 2 | AI39: =X27 -> 0 | AJ39: =Y27 -> 1 | AK39: =Z27 -> 6 | AL39: =AA27 -> 0 | AM39: =AB27 -> 2 | AN39: =AC27 -> 2
A40: Algeria | B40: =C40&D40 -> J3 | C40: J | D40: 3 | K40: Algeria | L40: J | M40: {=SUMPRODUCT( (('Group Stage'!$C$2:$C$73=A40)*('Group Stage'!$E$2:$E$73>'Group Stage'!$F$2:$F$73))+ (('Group Stage'!$D$2:$D$73=A40)*('Group Stage'!$F$2:$F$73>'Group Stage'!$E$2:$E$73)) )} -> 1 | N40: {=SUMPRODUCT( (('Group Stage'!$C$2:$C$73=A40)*('Group Stage'!$E$2:$E$73='Group Stage'!$F$2:$F$73))+ (('Group Stage'!$D$2:$D$73=A40)*('Group Stage'!$F$2:$F$73='Group Stage'!$E$2:$E$73)) )} -> 0 | O40: {=SUMPRODUCT( (('Group Stage'!$C$2:$C$73=A40)*('Group Stage'!$E$2:$E$73<'Group Stage'!$F$2:$F$73))+ (('Group Stage'!$D$2:$D$73=A40)*('Group Stage'!$F$2:$F$73<'Group Stage'!$E$2:$E$73)) )} -> 2 | P40: {=SUMPRODUCT( (('Group Stage'!$C$2:$C$73=A40)*('Group Stage'!$E$2:$E$73>'Group Stage'!$F$2:$F$73))*3+ (('Group Stage'!$D$2:$D$73=A40)*('Group Stage'!$F$2:$F$73>'Group Stage'!$E$2:$E$73))*3+ (('Group Stage'!$C$2:$C$73=A40)*('Group Stage'!$E$2:$E$73='Group Stage'!$F$2:$F$73))*1+ (('Group Stage'!$D$2:$D$73=A40)*('Group Stage'!$F$2:$F$73='Group Stage'!$E$2:$E$73))*1 )} -> 3 | Q40: {=SUMPRODUCT( ('Group Stage'!$C$2:$C$73=A40)*('Group Stage'!$E$2:$E$73-'Group Stage'!$F$2:$F$73)+ ('Group Stage'!$D$2:$D$73=A40)*('Group Stage'!$F$2:$F$73-'Group Stage'!$E$2:$E$73) )} -> -1 | R40: {=SUMPRODUCT( ('Group Stage'!$C$2:$C$73=A40)*'Group Stage'!$E$2:$E$73+ ('Group Stage'!$D$2:$D$73=A40)*'Group Stage'!$F$2:$F$73 )} -> 2 | S40: {=SUMPRODUCT( (('Elimination Rounds'!$L$2:$L$49=L40)* (('Elimination Rounds'!$P$2:$P$49>P40)+ ('Elimination Rounds'!$P$2:$P$49=P40)*('Elimination Rounds'!$Q$2:$Q$49>Q40)+ ('Elimination Rounds'!$P$2:$P$49=P40)*('Elimination Rounds'!$Q$2:$Q$49=Q40)*('Elimination Rounds'!$R$2:$R$49>R40))) )+1} -> 3 | U40: Algeria | V40: J | W40: 1 | X40: 0 | Y40: 2 | Z40: 3 | AA40: -1 | AB40: 2 | AC40: 3 | AF40: =U28 -> Iran | AG40: =V28 -> G | AH40: =W28 -> 1 | AI40: =X28 -> 0 | AJ40: =Y28 -> 2 | AK40: =Z28 -> 3 | AL40: =AA28 -> -2 | AM40: =AB28 -> 1 | AN40: =AC28 -> 3
A41: Jordan | B41: =C41&D41 -> J4 | C41: J | D41: 4 | K41: Jordan | L41: J | M41: {=SUMPRODUCT( (('Group Stage'!$C$2:$C$73=A41)*('Group Stage'!$E$2:$E$73>'Group Stage'!$F$2:$F$73))+ (('Group Stage'!$D$2:$D$73=A41)*('Group Stage'!$F$2:$F$73>'Group Stage'!$E$2:$E$73)) )} -> 0 | N41: {=SUMPRODUCT( (('Group Stage'!$C$2:$C$73=A41)*('Group Stage'!$E$2:$E$73='Group Stage'!$F$2:$F$73))+ (('Group Stage'!$D$2:$D$73=A41)*('Group Stage'!$F$2:$F$73='Group Stage'!$E$2:$E$73)) )} -> 0 | O41: {=SUMPRODUCT( (('Group Stage'!$C$2:$C$73=A41)*('Group Stage'!$E$2:$E$73<'Group Stage'!$F$2:$F$73))+ (('Group Stage'!$D$2:$D$73=A41)*('Group Stage'!$F$2:$F$73<'Group Stage'!$E$2:$E$73)) )} -> 3 | P41: {=SUMPRODUCT( (('Group Stage'!$C$2:$C$73=A41)*('Group Stage'!$E$2:$E$73>'Group Stage'!$F$2:$F$73))*3+ (('Group Stage'!$D$2:$D$73=A41)*('Group Stage'!$F$2:$F$73>'Group Stage'!$E$2:$E$73))*3+ (('Group Stage'!$C$2:$C$73=A41)*('Group Stage'!$E$2:$E$73='Group Stage'!$F$2:$F$73))*1+ (('Group Stage'!$D$2:$D$73=A41)*('Group Stage'!$F$2:$F$73='Group Stage'!$E$2:$E$73))*1 )} -> 0 | Q41: {=SUMPRODUCT( ('Group Stage'!$C$2:$C$73=A41)*('Group Stage'!$E$2:$E$73-'Group Stage'!$F$2:$F$73)+ ('Group Stage'!$D$2:$D$73=A41)*('Group Stage'!$F$2:$F$73-'Group Stage'!$E$2:$E$73) )} -> -6 | R41: {=SUMPRODUCT( ('Group Stage'!$C$2:$C$73=A41)*'Group Stage'!$E$2:$E$73+ ('Group Stage'!$D$2:$D$73=A41)*'Group Stage'!$F$2:$F$73 )} -> 0 | S41: {=SUMPRODUCT( (('Elimination Rounds'!$L$2:$L$49=L41)* (('Elimination Rounds'!$P$2:$P$49>P41)+ ('Elimination Rounds'!$P$2:$P$49=P41)*('Elimination Rounds'!$Q$2:$Q$49>Q41)+ ('Elimination Rounds'!$P$2:$P$49=P41)*('Elimination Rounds'!$Q$2:$Q$49=Q41)*('Elimination Rounds'!$R$2:$R$49>R41))) )+1} -> 4 | U41: Jordan | V41: J | W41: 0 | X41: 0 | Y41: 3 | Z41: 0 | AA41: -6 | AB41: 0 | AC41: 4 | AF41: =U29 -> New Zealand | AG41: =V29 -> G | AH41: =W29 -> 0 | AI41: =X29 -> 0 | AJ41: =Y29 -> 3 | AK41: =Z29 -> 0 | AL41: =AA29 -> -4 | AM41: =AB29 -> 0 | AN41: =AC29 -> 4
A42: Portugal | B42: =C42&D42 -> K1 | C42: K | D42: 1 | E42: 1 | F42: 1 | G42: 1 | H42: 1 | K42: Portugal | L42: K | M42: {=SUMPRODUCT( (('Group Stage'!$C$2:$C$73=A42)*('Group Stage'!$E$2:$E$73>'Group Stage'!$F$2:$F$73))+ (('Group Stage'!$D$2:$D$73=A42)*('Group Stage'!$F$2:$F$73>'Group Stage'!$E$2:$E$73)) )} -> 3 | N42: {=SUMPRODUCT( (('Group Stage'!$C$2:$C$73=A42)*('Group Stage'!$E$2:$E$73='Group Stage'!$F$2:$F$73))+ (('Group Stage'!$D$2:$D$73=A42)*('Group Stage'!$F$2:$F$73='Group Stage'!$E$2:$E$73)) )} -> 0 | O42: {=SUMPRODUCT( (('Group Stage'!$C$2:$C$73=A42)*('Group Stage'!$E$2:$E$73<'Group Stage'!$F$2:$F$73))+ (('Group Stage'!$D$2:$D$73=A42)*('Group Stage'!$F$2:$F$73<'Group Stage'!$E$2:$E$73)) )} -> 0 | P42: {=SUMPRODUCT( (('Group Stage'!$C$2:$C$73=A42)*('Group Stage'!$E$2:$E$73>'Group Stage'!$F$2:$F$73))*3+ (('Group Stage'!$D$2:$D$73=A42)*('Group Stage'!$F$2:$F$73>'Group Stage'!$E$2:$E$73))*3+ (('Group Stage'!$C$2:$C$73=A42)*('Group Stage'!$E$2:$E$73='Group Stage'!$F$2:$F$73))*1+ (('Group Stage'!$D$2:$D$73=A42)*('Group Stage'!$F$2:$F$73='Group Stage'!$E$2:$E$73))*1 )} -> 9 | Q42: {=SUMPRODUCT( ('Group Stage'!$C$2:$C$73=A42)*('Group Stage'!$E$2:$E$73-'Group Stage'!$F$2:$F$73)+ ('Group Stage'!$D$2:$D$73=A42)*('Group Stage'!$F$2:$F$73-'Group Stage'!$E$2:$E$73) )} -> 8 | R42: {=SUMPRODUCT( ('Group Stage'!$C$2:$C$73=A42)*'Group Stage'!$E$2:$E$73+ ('Group Stage'!$D$2:$D$73=A42)*'Group Stage'!$F$2:$F$73 )} -> 8 | S42: {=SUMPRODUCT( (('Elimination Rounds'!$L$2:$L$49=L42)* (('Elimination Rounds'!$P$2:$P$49>P42)+ ('Elimination Rounds'!$P$2:$P$49=P42)*('Elimination Rounds'!$Q$2:$Q$49>Q42)+ ('Elimination Rounds'!$P$2:$P$49=P42)*('Elimination Rounds'!$Q$2:$Q$49=Q42)*('Elimination Rounds'!$R$2:$R$49>R42))) )+1} -> 1 | U42: Portugal | V42: K | W42: 3 | X42: 0 | Y42: 0 | Z42: 9 | AA42: 8 | AB42: 8 | AC42: 1
A43: Colombia | B43: =C43&D43 -> K2 | C43: K | D43: 2 | E43: 1 | K43: Colombia | L43: K | M43: {=SUMPRODUCT( (('Group Stage'!$C$2:$C$73=A43)*('Group Stage'!$E$2:$E$73>'Group Stage'!$F$2:$F$73))+ (('Group Stage'!$D$2:$D$73=A43)*('Group Stage'!$F$2:$F$73>'Group Stage'!$E$2:$E$73)) )} -> 2 | N43: {=SUMPRODUCT( (('Group Stage'!$C$2:$C$73=A43)*('Group Stage'!$E$2:$E$73='Group Stage'!$F$2:$F$73))+ (('Group Stage'!$D$2:$D$73=A43)*('Group Stage'!$F$2:$F$73='Group Stage'!$E$2:$E$73)) )} -> 0 | O43: {=SUMPRODUCT( (('Group Stage'!$C$2:$C$73=A43)*('Group Stage'!$E$2:$E$73<'Group Stage'!$F$2:$F$73))+ (('Group Stage'!$D$2:$D$73=A43)*('Group Stage'!$F$2:$F$73<'Group Stage'!$E$2:$E$73)) )} -> 1 | P43: {=SUMPRODUCT( (('Group Stage'!$C$2:$C$73=A43)*('Group Stage'!$E$2:$E$73>'Group Stage'!$F$2:$F$73))*3+ (('Group Stage'!$D$2:$D$73=A43)*('Group Stage'!$F$2:$F$73>'Group Stage'!$E$2:$E$73))*3+ (('Group Stage'!$C$2:$C$73=A43)*('Group Stage'!$E$2:$E$73='Group Stage'!$F$2:$F$73))*1+ (('Group Stage'!$D$2:$D$73=A43)*('Group Stage'!$F$2:$F$73='Group Stage'!$E$2:$E$73))*1 )} -> 6 | Q43: {=SUMPRODUCT( ('Group Stage'!$C$2:$C$73=A43)*('Group Stage'!$E$2:$E$73-'Group Stage'!$F$2:$F$73)+ ('Group Stage'!$D$2:$D$73=A43)*('Group Stage'!$F$2:$F$73-'Group Stage'!$E$2:$E$73) )} -> 2 | R43: {=SUMPRODUCT( ('Group Stage'!$C$2:$C$73=A43)*'Group Stage'!$E$2:$E$73+ ('Group Stage'!$D$2:$D$73=A43)*'Group Stage'!$F$2:$F$73 )} -> 4 | S43: {=SUMPRODUCT( (('Elimination Rounds'!$L$2:$L$49=L43)* (('Elimination Rounds'!$P$2:$P$49>P43)+ ('Elimination Rounds'!$P$2:$P$49=P43)*('Elimination Rounds'!$Q$2:$Q$49>Q43)+ ('Elimination Rounds'!$P$2:$P$49=P43)*('Elimination Rounds'!$Q$2:$Q$49=Q43)*('Elimination Rounds'!$R$2:$R$49>R43))) )+1} -> 2 | U43: Colombia | V43: K | W43: 2 | X43: 0 | Y43: 1 | Z43: 6 | AA43: 2 | AB43: 4 | AC43: 2 | AF43: Team | AG43: Code | AH43: Win | AI43: D | AJ43: L | AK43: Pts | AL43: GD | AM43: GF | AN43: Group Rank
A44: Uzbekistan | B44: =C44&D44 -> K4 | C44: K | D44: 4 | K44: Uzbekistan | L44: K | M44: {=SUMPRODUCT( (('Group Stage'!$C$2:$C$73=A44)*('Group Stage'!$E$2:$E$73>'Group Stage'!$F$2:$F$73))+ (('Group Stage'!$D$2:$D$73=A44)*('Group Stage'!$F$2:$F$73>'Group Stage'!$E$2:$E$73)) )} -> 0 | N44: {=SUMPRODUCT( (('Group Stage'!$C$2:$C$73=A44)*('Group Stage'!$E$2:$E$73='Group Stage'!$F$2:$F$73))+ (('Group Stage'!$D$2:$D$73=A44)*('Group Stage'!$F$2:$F$73='Group Stage'!$E$2:$E$73)) )} -> 1 | O44: {=SUMPRODUCT( (('Group Stage'!$C$2:$C$73=A44)*('Group Stage'!$E$2:$E$73<'Group Stage'!$F$2:$F$73))+ (('Group Stage'!$D$2:$D$73=A44)*('Group Stage'!$F$2:$F$73<'Group Stage'!$E$2:$E$73)) )} -> 2 | P44: {=SUMPRODUCT( (('Group Stage'!$C$2:$C$73=A44)*('Group Stage'!$E$2:$E$73>'Group Stage'!$F$2:$F$73))*3+ (('Group Stage'!$D$2:$D$73=A44)*('Group Stage'!$F$2:$F$73>'Group Stage'!$E$2:$E$73))*3+ (('Group Stage'!$C$2:$C$73=A44)*('Group Stage'!$E$2:$E$73='Group Stage'!$F$2:$F$73))*1+ (('Group Stage'!$D$2:$D$73=A44)*('Group Stage'!$F$2:$F$73='Group Stage'!$E$2:$E$73))*1 )} -> 1 | Q44: {=SUMPRODUCT( ('Group Stage'!$C$2:$C$73=A44)*('Group Stage'!$E$2:$E$73-'Group Stage'!$F$2:$F$73)+ ('Group Stage'!$D$2:$D$73=A44)*('Group Stage'!$F$2:$F$73-'Group Stage'!$E$2:$E$73) )} -> -6 | R44: {=SUMPRODUCT( ('Group Stage'!$C$2:$C$73=A44)*'Group Stage'!$E$2:$E$73+ ('Group Stage'!$D$2:$D$73=A44)*'Group Stage'!$F$2:$F$73 )} -> 0 | S44: {=SUMPRODUCT( (('Elimination Rounds'!$L$2:$L$49=L44)* (('Elimination Rounds'!$P$2:$P$49>P44)+ ('Elimination Rounds'!$P$2:$P$49=P44)*('Elimination Rounds'!$Q$2:$Q$49>Q44)+ ('Elimination Rounds'!$P$2:$P$49=P44)*('Elimination Rounds'!$Q$2:$Q$49=Q44)*('Elimination Rounds'!$R$2:$R$49>R44))) )+1} -> 4 | U44: DR Congo | V44: K | W44: 0 | X44: 1 | Y44: 2 | Z44: 1 | AA44: -4 | AB44: 0 | AC44: 3 | AF44: =U30 -> Spain | AG44: =V30 -> H | AH44: =W30 -> 3 | AI44: =X30 -> 0 | AJ44: =Y30 -> 0 | AK44: =Z30 -> 9 | AL44: =AA30 -> 6 | AM44: =AB30 -> 6 | AN44: =AC30 -> 1
A45: DR Congo | B45: =C45&D45 -> K3 | C45: K | D45: 3 | K45: DR Congo | L45: K | M45: {=SUMPRODUCT( (('Group Stage'!$C$2:$C$73=A45)*('Group Stage'!$E$2:$E$73>'Group Stage'!$F$2:$F$73))+ (('Group Stage'!$D$2:$D$73=A45)*('Group Stage'!$F$2:$F$73>'Group Stage'!$E$2:$E$73)) )} -> 0 | N45: {=SUMPRODUCT( (('Group Stage'!$C$2:$C$73=A45)*('Group Stage'!$E$2:$E$73='Group Stage'!$F$2:$F$73))+ (('Group Stage'!$D$2:$D$73=A45)*('Group Stage'!$F$2:$F$73='Group Stage'!$E$2:$E$73)) )} -> 1 | O45: {=SUMPRODUCT( (('Group Stage'!$C$2:$C$73=A45)*('Group Stage'!$E$2:$E$73<'Group Stage'!$F$2:$F$73))+ (('Group Stage'!$D$2:$D$73=A45)*('Group Stage'!$F$2:$F$73<'Group Stage'!$E$2:$E$73)) )} -> 2 | P45: {=SUMPRODUCT( (('Group Stage'!$C$2:$C$73=A45)*('Group Stage'!$E$2:$E$73>'Group Stage'!$F$2:$F$73))*3+ (('Group Stage'!$D$2:$D$73=A45)*('Group Stage'!$F$2:$F$73>'Group Stage'!$E$2:$E$73))*3+ (('Group Stage'!$C$2:$C$73=A45)*('Group Stage'!$E$2:$E$73='Group Stage'!$F$2:$F$73))*1+ (('Group Stage'!$D$2:$D$73=A45)*('Group Stage'!$F$2:$F$73='Group Stage'!$E$2:$E$73))*1 )} -> 1 | Q45: {=SUMPRODUCT( ('Group Stage'!$C$2:$C$73=A45)*('Group Stage'!$E$2:$E$73-'Group Stage'!$F$2:$F$73)+ ('Group Stage'!$D$2:$D$73=A45)*('Group Stage'!$F$2:$F$73-'Group Stage'!$E$2:$E$73) )} -> -4 | R45: {=SUMPRODUCT( ('Group Stage'!$C$2:$C$73=A45)*'Group Stage'!$E$2:$E$73+ ('Group Stage'!$D$2:$D$73=A45)*'Group Stage'!$F$2:$F$73 )} -> 0 | S45: {=SUMPRODUCT( (('Elimination Rounds'!$L$2:$L$49=L45)* (('Elimination Rounds'!$P$2:$P$49>P45)+ ('Elimination Rounds'!$P$2:$P$49=P45)*('Elimination Rounds'!$Q$2:$Q$49>Q45)+ ('Elimination Rounds'!$P$2:$P$49=P45)*('Elimination Rounds'!$Q$2:$Q$49=Q45)*('Elimination Rounds'!$R$2:$R$49>R45))) )+1} -> 3 | U45: Uzbekistan | V45: K | W45: 0 | X45: 1 | Y45: 2 | Z45: 1 | AA45: -6 | AB45: 0 | AC45: 4 | AF45: =U31 -> Uruguay | AG45: =V31 -> H | AH45: =W31 -> 2 | AI45: =X31 -> 0 | AJ45: =Y31 -> 1 | AK45: =Z31 -> 6 | AL45: =AA31 -> 3 | AM45: =AB31 -> 4 | AN45: =AC31 -> 2
A46: England | B46: =C46&D46 -> L1 | C46: L | D46: 1 | E46: 1 | F46: 1 | K46: England | L46: L | M46: {=SUMPRODUCT( (('Group Stage'!$C$2:$C$73=A46)*('Group Stage'!$E$2:$E$73>'Group Stage'!$F$2:$F$73))+ (('Group Stage'!$D$2:$D$73=A46)*('Group Stage'!$F$2:$F$73>'Group Stage'!$E$2:$E$73)) )} -> 3 | N46: {=SUMPRODUCT( (('Group Stage'!$C$2:$C$73=A46)*('Group Stage'!$E$2:$E$73='Group Stage'!$F$2:$F$73))+ (('Group Stage'!$D$2:$D$73=A46)*('Group Stage'!$F$2:$F$73='Group Stage'!$E$2:$E$73)) )} -> 0 | O46: {=SUMPRODUCT( (('Group Stage'!$C$2:$C$73=A46)*('Group Stage'!$E$2:$E$73<'Group Stage'!$F$2:$F$73))+ (('Group Stage'!$D$2:$D$73=A46)*('Group Stage'!$F$2:$F$73<'Group Stage'!$E$2:$E$73)) )} -> 0 | P46: {=SUMPRODUCT( (('Group Stage'!$C$2:$C$73=A46)*('Group Stage'!$E$2:$E$73>'Group Stage'!$F$2:$F$73))*3+ (('Group Stage'!$D$2:$D$73=A46)*('Group Stage'!$F$2:$F$73>'Group Stage'!$E$2:$E$73))*3+ (('Group Stage'!$C$2:$C$73=A46)*('Group Stage'!$E$2:$E$73='Group Stage'!$F$2:$F$73))*1+ (('Group Stage'!$D$2:$D$73=A46)*('Group Stage'!$F$2:$F$73='Group Stage'!$E$2:$E$73))*1 )} -> 9 | Q46: {=SUMPRODUCT( ('Group Stage'!$C$2:$C$73=A46)*('Group Stage'!$E$2:$E$73-'Group Stage'!$F$2:$F$73)+ ('Group Stage'!$D$2:$D$73=A46)*('Group Stage'!$F$2:$F$73-'Group Stage'!$E$2:$E$73) )} -> 4 | R46: {=SUMPRODUCT( ('Group Stage'!$C$2:$C$73=A46)*'Group Stage'!$E$2:$E$73+ ('Group Stage'!$D$2:$D$73=A46)*'Group Stage'!$F$2:$F$73 )} -> 5 | S46: {=SUMPRODUCT( (('Elimination Rounds'!$L$2:$L$49=L46)* (('Elimination Rounds'!$P$2:$P$49>P46)+ ('Elimination Rounds'!$P$2:$P$49=P46)*('Elimination Rounds'!$Q$2:$Q$49>Q46)+ ('Elimination Rounds'!$P$2:$P$49=P46)*('Elimination Rounds'!$Q$2:$Q$49=Q46)*('Elimination Rounds'!$R$2:$R$49>R46))) )+1} -> 1 | U46: England | V46: L | W46: 3 | X46: 0 | Y46: 0 | Z46: 9 | AA46: 4 | AB46: 5 | AC46: 1 | AF46: =U32 -> Cape Verde | AG46: =V32 -> H | AH46: =W32 -> 0 | AI46: =X32 -> 1 | AJ46: =Y32 -> 2 | AK46: =Z32 -> 1 | AL46: =AA32 -> -4 | AM46: =AB32 -> 0 | AN46: =AC32 -> 3
A47: Croatia | B47: =C47&D47 -> L2 | C47: L | D47: 2 | K47: Croatia | L47: L | M47: {=SUMPRODUCT( (('Group Stage'!$C$2:$C$73=A47)*('Group Stage'!$E$2:$E$73>'Group Stage'!$F$2:$F$73))+ (('Group Stage'!$D$2:$D$73=A47)*('Group Stage'!$F$2:$F$73>'Group Stage'!$E$2:$E$73)) )} -> 1 | N47: {=SUMPRODUCT( (('Group Stage'!$C$2:$C$73=A47)*('Group Stage'!$E$2:$E$73='Group Stage'!$F$2:$F$73))+ (('Group Stage'!$D$2:$D$73=A47)*('Group Stage'!$F$2:$F$73='Group Stage'!$E$2:$E$73)) )} -> 1 | O47: {=SUMPRODUCT( (('Group Stage'!$C$2:$C$73=A47)*('Group Stage'!$E$2:$E$73<'Group Stage'!$F$2:$F$73))+ (('Group Stage'!$D$2:$D$73=A47)*('Group Stage'!$F$2:$F$73<'Group Stage'!$E$2:$E$73)) )} -> 1 | P47: {=SUMPRODUCT( (('Group Stage'!$C$2:$C$73=A47)*('Group Stage'!$E$2:$E$73>'Group Stage'!$F$2:$F$73))*3+ (('Group Stage'!$D$2:$D$73=A47)*('Group Stage'!$F$2:$F$73>'Group Stage'!$E$2:$E$73))*3+ (('Group Stage'!$C$2:$C$73=A47)*('Group Stage'!$E$2:$E$73='Group Stage'!$F$2:$F$73))*1+ (('Group Stage'!$D$2:$D$73=A47)*('Group Stage'!$F$2:$F$73='Group Stage'!$E$2:$E$73))*1 )} -> 4 | Q47: {=SUMPRODUCT( ('Group Stage'!$C$2:$C$73=A47)*('Group Stage'!$E$2:$E$73-'Group Stage'!$F$2:$F$73)+ ('Group Stage'!$D$2:$D$73=A47)*('Group Stage'!$F$2:$F$73-'Group Stage'!$E$2:$E$73) )} -> 1 | R47: {=SUMPRODUCT( ('Group Stage'!$C$2:$C$73=A47)*'Group Stage'!$E$2:$E$73+ ('Group Stage'!$D$2:$D$73=A47)*'Group Stage'!$F$2:$F$73 )} -> 4 | S47: {=SUMPRODUCT( (('Elimination Rounds'!$L$2:$L$49=L47)* (('Elimination Rounds'!$P$2:$P$49>P47)+ ('Elimination Rounds'!$P$2:$P$49=P47)*('Elimination Rounds'!$Q$2:$Q$49>Q47)+ ('Elimination Rounds'!$P$2:$P$49=P47)*('Elimination Rounds'!$Q$2:$Q$49=Q47)*('Elimination Rounds'!$R$2:$R$49>R47))) )+1} -> 2 | U47: Croatia | V47: L | W47: 1 | X47: 1 | Y47: 1 | Z47: 4 | AA47: 1 | AB47: 4 | AC47: 2 | AF47: =U33 -> Saudi Arabia | AG47: =V33 -> H | AH47: =W33 -> 0 | AI47: =X33 -> 1 | AJ47: =Y33 -> 2 | AK47: =Z33 -> 1 | AL47: =AA33 -> -5 | AM47: =AB33 -> 0 | AN47: =AC33 -> 4
A48: Panama | B48: =C48&D48 -> L4 | C48: L | D48: 4 | K48: Panama | L48: L | M48: {=SUMPRODUCT( (('Group Stage'!$C$2:$C$73=A48)*('Group Stage'!$E$2:$E$73>'Group Stage'!$F$2:$F$73))+ (('Group Stage'!$D$2:$D$73=A48)*('Group Stage'!$F$2:$F$73>'Group Stage'!$E$2:$E$73)) )} -> 0 | N48: {=SUMPRODUCT( (('Group Stage'!$C$2:$C$73=A48)*('Group Stage'!$E$2:$E$73='Group Stage'!$F$2:$F$73))+ (('Group Stage'!$D$2:$D$73=A48)*('Group Stage'!$F$2:$F$73='Group Stage'!$E$2:$E$73)) )} -> 0 | O48: {=SUMPRODUCT( (('Group Stage'!$C$2:$C$73=A48)*('Group Stage'!$E$2:$E$73<'Group Stage'!$F$2:$F$73))+ (('Group Stage'!$D$2:$D$73=A48)*('Group Stage'!$F$2:$F$73<'Group Stage'!$E$2:$E$73)) )} -> 3 | P48: {=SUMPRODUCT( (('Group Stage'!$C$2:$C$73=A48)*('Group Stage'!$E$2:$E$73>'Group Stage'!$F$2:$F$73))*3+ (('Group Stage'!$D$2:$D$73=A48)*('Group Stage'!$F$2:$F$73>'Group Stage'!$E$2:$E$73))*3+ (('Group Stage'!$C$2:$C$73=A48)*('Group Stage'!$E$2:$E$73='Group Stage'!$F$2:$F$73))*1+ (('Group Stage'!$D$2:$D$73=A48)*('Group Stage'!$F$2:$F$73='Group Stage'!$E$2:$E$73))*1 )} -> 0 | Q48: {=SUMPRODUCT( ('Group Stage'!$C$2:$C$73=A48)*('Group Stage'!$E$2:$E$73-'Group Stage'!$F$2:$F$73)+ ('Group Stage'!$D$2:$D$73=A48)*('Group Stage'!$F$2:$F$73-'Group Stage'!$E$2:$E$73) )} -> -5 | R48: {=SUMPRODUCT( ('Group Stage'!$C$2:$C$73=A48)*'Group Stage'!$E$2:$E$73+ ('Group Stage'!$D$2:$D$73=A48)*'Group Stage'!$F$2:$F$73 )} -> 0 | S48: {=SUMPRODUCT( (('Elimination Rounds'!$L$2:$L$49=L48)* (('Elimination Rounds'!$P$2:$P$49>P48)+ ('Elimination Rounds'!$P$2:$P$49=P48)*('Elimination Rounds'!$Q$2:$Q$49>Q48)+ ('Elimination Rounds'!$P$2:$P$49=P48)*('Elimination Rounds'!$Q$2:$Q$49=Q48)*('Elimination Rounds'!$R$2:$R$49>R48))) )+1} -> 4 | U48: Ghana | V48: L | W48: 1 | X48: 1 | Y48: 1 | Z48: 4 | AA48: 0 | AB48: 2 | AC48: 3
A49: Ghana | B49: =C49&D49 -> L3 | C49: L | D49: 3 | K49: Ghana | L49: L | M49: {=SUMPRODUCT( (('Group Stage'!$C$2:$C$73=A49)*('Group Stage'!$E$2:$E$73>'Group Stage'!$F$2:$F$73))+ (('Group Stage'!$D$2:$D$73=A49)*('Group Stage'!$F$2:$F$73>'Group Stage'!$E$2:$E$73)) )} -> 1 | N49: {=SUMPRODUCT( (('Group Stage'!$C$2:$C$73=A49)*('Group Stage'!$E$2:$E$73='Group Stage'!$F$2:$F$73))+ (('Group Stage'!$D$2:$D$73=A49)*('Group Stage'!$F$2:$F$73='Group Stage'!$E$2:$E$73)) )} -> 1 | O49: {=SUMPRODUCT( (('Group Stage'!$C$2:$C$73=A49)*('Group Stage'!$E$2:$E$73<'Group Stage'!$F$2:$F$73))+ (('Group Stage'!$D$2:$D$73=A49)*('Group Stage'!$F$2:$F$73<'Group Stage'!$E$2:$E$73)) )} -> 1 | P49: {=SUMPRODUCT( (('Group Stage'!$C$2:$C$73=A49)*('Group Stage'!$E$2:$E$73>'Group Stage'!$F$2:$F$73))*3+ (('Group Stage'!$D$2:$D$73=A49)*('Group Stage'!$F$2:$F$73>'Group Stage'!$E$2:$E$73))*3+ (('Group Stage'!$C$2:$C$73=A49)*('Group Stage'!$E$2:$E$73='Group Stage'!$F$2:$F$73))*1+ (('Group Stage'!$D$2:$D$73=A49)*('Group Stage'!$F$2:$F$73='Group Stage'!$E$2:$E$73))*1 )} -> 4 | Q49: {=SUMPRODUCT( ('Group Stage'!$C$2:$C$73=A49)*('Group Stage'!$E$2:$E$73-'Group Stage'!$F$2:$F$73)+ ('Group Stage'!$D$2:$D$73=A49)*('Group Stage'!$F$2:$F$73-'Group Stage'!$E$2:$E$73) )} -> 0 | R49: {=SUMPRODUCT( ('Group Stage'!$C$2:$C$73=A49)*'Group Stage'!$E$2:$E$73+ ('Group Stage'!$D$2:$D$73=A49)*'Group Stage'!$F$2:$F$73 )} -> 2 | S49: {=SUMPRODUCT( (('Elimination Rounds'!$L$2:$L$49=L49)* (('Elimination Rounds'!$P$2:$P$49>P49)+ ('Elimination Rounds'!$P$2:$P$49=P49)*('Elimination Rounds'!$Q$2:$Q$49>Q49)+ ('Elimination Rounds'!$P$2:$P$49=P49)*('Elimination Rounds'!$Q$2:$Q$49=Q49)*('Elimination Rounds'!$R$2:$R$49>R49))) )+1} -> 3 | U49: Panama | V49: L | W49: 0 | X49: 0 | Y49: 3 | Z49: 0 | AA49: -5 | AB49: 0 | AC49: 4

Sheet Checks
A1: GROUP CHECK | B1: 1 | C1: 2 | D1: 3 | E1: 4 | G1: STAGE COUNT CHECK | H1: STATUS
A2: A | B2: =IF(ISNA(MATCH($A2&B$1,'Elimination Rounds'!$B$2:$B$49,0)),"Choice not made!",INDEX('Elimination Rounds'!$A$2:$A$49,MATCH($A2&B$1,'Elimination Rounds'!$B$2:$B$49,0))) -> Mexico | C2: =IF(ISNA(MATCH($A2&C$1,'Elimination Rounds'!$B$2:$B$49,0)),"Choice not made!",INDEX('Elimination Rounds'!$A$2:$A$49,MATCH($A2&C$1,'Elimination Rounds'!$B$2:$B$49,0))) -> South Korea | D2: =IF(ISNA(MATCH($A2&D$1,'Elimination Rounds'!$B$2:$B$49,0)),"Choice not made!",INDEX('Elimination Rounds'!$A$2:$A$49,MATCH($A2&D$1,'Elimination Rounds'!$B$2:$B$49,0))) -> Czechia | E2: =IF(ISNA(MATCH($A2&E$1,'Elimination Rounds'!$B$2:$B$49,0)),"Choice not made!",INDEX('Elimination Rounds'!$A$2:$A$49,MATCH($A2&E$1,'Elimination Rounds'!$B$2:$B$49,0))) -> South Africa | G2: ROUND OF 16 | H2: =IF(SUM('Elimination Rounds'!E2:E49)=16,"OK","DID NOT SELECT CORRECT NUMBER") -> OK | I2: :16
A3: B | B3: =IF(ISNA(MATCH($A3&B$1,'Elimination Rounds'!$B$2:$B$49,0)),"Choice not made!",INDEX('Elimination Rounds'!$A$2:$A$49,MATCH($A3&B$1,'Elimination Rounds'!$B$2:$B$49,0))) -> Switzerland | C3: =IF(ISNA(MATCH($A3&C$1,'Elimination Rounds'!$B$2:$B$49,0)),"Choice not made!",INDEX('Elimination Rounds'!$A$2:$A$49,MATCH($A3&C$1,'Elimination Rounds'!$B$2:$B$49,0))) -> Canada | D3: =IF(ISNA(MATCH($A3&D$1,'Elimination Rounds'!$B$2:$B$49,0)),"Choice not made!",INDEX('Elimination Rounds'!$A$2:$A$49,MATCH($A3&D$1,'Elimination Rounds'!$B$2:$B$49,0))) -> Bosnia-Herzegovina | E3: =IF(ISNA(MATCH($A3&E$1,'Elimination Rounds'!$B$2:$B$49,0)),"Choice not made!",INDEX('Elimination Rounds'!$A$2:$A$49,MATCH($A3&E$1,'Elimination Rounds'!$B$2:$B$49,0))) -> Qatar | G3: QUARTER-FINALS | H3: =IF(SUM('Elimination Rounds'!F2:F49)=8,"OK","DID NOT SELECT CORRECT NUMBER") -> OK | I3: :8
A4: C | B4: =IF(ISNA(MATCH($A4&B$1,'Elimination Rounds'!$B$2:$B$49,0)),"Choice not made!",INDEX('Elimination Rounds'!$A$2:$A$49,MATCH($A4&B$1,'Elimination Rounds'!$B$2:$B$49,0))) -> Brazil | C4: =IF(ISNA(MATCH($A4&C$1,'Elimination Rounds'!$B$2:$B$49,0)),"Choice not made!",INDEX('Elimination Rounds'!$A$2:$A$49,MATCH($A4&C$1,'Elimination Rounds'!$B$2:$B$49,0))) -> Morocco | D4: =IF(ISNA(MATCH($A4&D$1,'Elimination Rounds'!$B$2:$B$49,0)),"Choice not made!",INDEX('Elimination Rounds'!$A$2:$A$49,MATCH($A4&D$1,'Elimination Rounds'!$B$2:$B$49,0))) -> Scotland | E4: =IF(ISNA(MATCH($A4&E$1,'Elimination Rounds'!$B$2:$B$49,0)),"Choice not made!",INDEX('Elimination Rounds'!$A$2:$A$49,MATCH($A4&E$1,'Elimination Rounds'!$B$2:$B$49,0))) -> Haiti | G4: SEMI-FINALS | H4: =IF(SUM('Elimination Rounds'!G2:G49)=4,"OK","DID NOT SELECT CORRECT NUMBER") -> OK | I4: :4
A5: D | B5: =IF(ISNA(MATCH($A5&B$1,'Elimination Rounds'!$B$2:$B$49,0)),"Choice not made!",INDEX('Elimination Rounds'!$A$2:$A$49,MATCH($A5&B$1,'Elimination Rounds'!$B$2:$B$49,0))) -> Turkiye | C5: =IF(ISNA(MATCH($A5&C$1,'Elimination Rounds'!$B$2:$B$49,0)),"Choice not made!",INDEX('Elimination Rounds'!$A$2:$A$49,MATCH($A5&C$1,'Elimination Rounds'!$B$2:$B$49,0))) -> USA | D5: =IF(ISNA(MATCH($A5&D$1,'Elimination Rounds'!$B$2:$B$49,0)),"Choice not made!",INDEX('Elimination Rounds'!$A$2:$A$49,MATCH($A5&D$1,'Elimination Rounds'!$B$2:$B$49,0))) -> Australia | E5: =IF(ISNA(MATCH($A5&E$1,'Elimination Rounds'!$B$2:$B$49,0)),"Choice not made!",INDEX('Elimination Rounds'!$A$2:$A$49,MATCH($A5&E$1,'Elimination Rounds'!$B$2:$B$49,0))) -> Paraguay | G5: FINAL | H5: =IF(SUM('Elimination Rounds'!H2:H49)=2,"OK","DID NOT SELECT CORRECT NUMBER") -> OK | I5: :2
A6: E | B6: =IF(ISNA(MATCH($A6&B$1,'Elimination Rounds'!$B$2:$B$49,0)),"Choice not made!",INDEX('Elimination Rounds'!$A$2:$A$49,MATCH($A6&B$1,'Elimination Rounds'!$B$2:$B$49,0))) -> Germany | C6: =IF(ISNA(MATCH($A6&C$1,'Elimination Rounds'!$B$2:$B$49,0)),"Choice not made!",INDEX('Elimination Rounds'!$A$2:$A$49,MATCH($A6&C$1,'Elimination Rounds'!$B$2:$B$49,0))) -> Ecuador | D6: =IF(ISNA(MATCH($A6&D$1,'Elimination Rounds'!$B$2:$B$49,0)),"Choice not made!",INDEX('Elimination Rounds'!$A$2:$A$49,MATCH($A6&D$1,'Elimination Rounds'!$B$2:$B$49,0))) -> Ivory Coast | E6: =IF(ISNA(MATCH($A6&E$1,'Elimination Rounds'!$B$2:$B$49,0)),"Choice not made!",INDEX('Elimination Rounds'!$A$2:$A$49,MATCH($A6&E$1,'Elimination Rounds'!$B$2:$B$49,0))) -> Curacao | G6: WINNER | H6: =IF(SUM('Elimination Rounds'!I2:I49)=1,"OK","DID NOT SELECT CORRECT NUMBER") -> OK | I6: :1
A7: F | B7: =IF(ISNA(MATCH($A7&B$1,'Elimination Rounds'!$B$2:$B$49,0)),"Choice not made!",INDEX('Elimination Rounds'!$A$2:$A$49,MATCH($A7&B$1,'Elimination Rounds'!$B$2:$B$49,0))) -> Netherlands | C7: =IF(ISNA(MATCH($A7&C$1,'Elimination Rounds'!$B$2:$B$49,0)),"Choice not made!",INDEX('Elimination Rounds'!$A$2:$A$49,MATCH($A7&C$1,'Elimination Rounds'!$B$2:$B$49,0))) -> Japan | D7: =IF(ISNA(MATCH($A7&D$1,'Elimination Rounds'!$B$2:$B$49,0)),"Choice not made!",INDEX('Elimination Rounds'!$A$2:$A$49,MATCH($A7&D$1,'Elimination Rounds'!$B$2:$B$49,0))) -> Sweden | E7: =IF(ISNA(MATCH($A7&E$1,'Elimination Rounds'!$B$2:$B$49,0)),"Choice not made!",INDEX('Elimination Rounds'!$A$2:$A$49,MATCH($A7&E$1,'Elimination Rounds'!$B$2:$B$49,0))) -> Tunisia
A8: G | B8: =IF(ISNA(MATCH($A8&B$1,'Elimination Rounds'!$B$2:$B$49,0)),"Choice not made!",INDEX('Elimination Rounds'!$A$2:$A$49,MATCH($A8&B$1,'Elimination Rounds'!$B$2:$B$49,0))) -> Belgium | C8: =IF(ISNA(MATCH($A8&C$1,'Elimination Rounds'!$B$2:$B$49,0)),"Choice not made!",INDEX('Elimination Rounds'!$A$2:$A$49,MATCH($A8&C$1,'Elimination Rounds'!$B$2:$B$49,0))) -> Egypt | D8: =IF(ISNA(MATCH($A8&D$1,'Elimination Rounds'!$B$2:$B$49,0)),"Choice not made!",INDEX('Elimination Rounds'!$A$2:$A$49,MATCH($A8&D$1,'Elimination Rounds'!$B$2:$B$49,0))) -> Iran | E8: =IF(ISNA(MATCH($A8&E$1,'Elimination Rounds'!$B$2:$B$49,0)),"Choice not made!",INDEX('Elimination Rounds'!$A$2:$A$49,MATCH($A8&E$1,'Elimination Rounds'!$B$2:$B$49,0))) -> New Zealand | G8: GROUP STAGE GAMES CHECK | H8: STATUS
A9: H | B9: =IF(ISNA(MATCH($A9&B$1,'Elimination Rounds'!$B$2:$B$49,0)),"Choice not made!",INDEX('Elimination Rounds'!$A$2:$A$49,MATCH($A9&B$1,'Elimination Rounds'!$B$2:$B$49,0))) -> Spain | C9: =IF(ISNA(MATCH($A9&C$1,'Elimination Rounds'!$B$2:$B$49,0)),"Choice not made!",INDEX('Elimination Rounds'!$A$2:$A$49,MATCH($A9&C$1,'Elimination Rounds'!$B$2:$B$49,0))) -> Uruguay | D9: =IF(ISNA(MATCH($A9&D$1,'Elimination Rounds'!$B$2:$B$49,0)),"Choice not made!",INDEX('Elimination Rounds'!$A$2:$A$49,MATCH($A9&D$1,'Elimination Rounds'!$B$2:$B$49,0))) -> Cape Verde | E9: =IF(ISNA(MATCH($A9&E$1,'Elimination Rounds'!$B$2:$B$49,0)),"Choice not made!",INDEX('Elimination Rounds'!$A$2:$A$49,MATCH($A9&E$1,'Elimination Rounds'!$B$2:$B$49,0))) -> Saudi Arabia | G9: GAMES PICKED | H9: =IF('Group Stage'!J5=72,"GOOD TO GO!","SOME GAMES NOT PICKED") -> GOOD TO GO!
A10: I | B10: =IF(ISNA(MATCH($A10&B$1,'Elimination Rounds'!$B$2:$B$49,0)),"Choice not made!",INDEX('Elimination Rounds'!$A$2:$A$49,MATCH($A10&B$1,'Elimination Rounds'!$B$2:$B$49,0))) -> France | C10: =IF(ISNA(MATCH($A10&C$1,'Elimination Rounds'!$B$2:$B$49,0)),"Choice not made!",INDEX('Elimination Rounds'!$A$2:$A$49,MATCH($A10&C$1,'Elimination Rounds'!$B$2:$B$49,0))) -> Norway | D10: =IF(ISNA(MATCH($A10&D$1,'Elimination Rounds'!$B$2:$B$49,0)),"Choice not made!",INDEX('Elimination Rounds'!$A$2:$A$49,MATCH($A10&D$1,'Elimination Rounds'!$B$2:$B$49,0))) -> Senegal | E10: =IF(ISNA(MATCH($A10&E$1,'Elimination Rounds'!$B$2:$B$49,0)),"Choice not made!",INDEX('Elimination Rounds'!$A$2:$A$49,MATCH($A10&E$1,'Elimination Rounds'!$B$2:$B$49,0))) -> Iraq
A11: J | B11: =IF(ISNA(MATCH($A11&B$1,'Elimination Rounds'!$B$2:$B$49,0)),"Choice not made!",INDEX('Elimination Rounds'!$A$2:$A$49,MATCH($A11&B$1,'Elimination Rounds'!$B$2:$B$49,0))) -> Argentina | C11: =IF(ISNA(MATCH($A11&C$1,'Elimination Rounds'!$B$2:$B$49,0)),"Choice not made!",INDEX('Elimination Rounds'!$A$2:$A$49,MATCH($A11&C$1,'Elimination Rounds'!$B$2:$B$49,0))) -> Austria | D11: =IF(ISNA(MATCH($A11&D$1,'Elimination Rounds'!$B$2:$B$49,0)),"Choice not made!",INDEX('Elimination Rounds'!$A$2:$A$49,MATCH($A11&D$1,'Elimination Rounds'!$B$2:$B$49,0))) -> Algeria | E11: =IF(ISNA(MATCH($A11&E$1,'Elimination Rounds'!$B$2:$B$49,0)),"Choice not made!",INDEX('Elimination Rounds'!$A$2:$A$49,MATCH($A11&E$1,'Elimination Rounds'!$B$2:$B$49,0))) -> Jordan
A12: K | B12: =IF(ISNA(MATCH($A12&B$1,'Elimination Rounds'!$B$2:$B$49,0)),"Choice not made!",INDEX('Elimination Rounds'!$A$2:$A$49,MATCH($A12&B$1,'Elimination Rounds'!$B$2:$B$49,0))) -> Portugal | C12: =IF(ISNA(MATCH($A12&C$1,'Elimination Rounds'!$B$2:$B$49,0)),"Choice not made!",INDEX('Elimination Rounds'!$A$2:$A$49,MATCH($A12&C$1,'Elimination Rounds'!$B$2:$B$49,0))) -> Colombia | D12: =IF(ISNA(MATCH($A12&D$1,'Elimination Rounds'!$B$2:$B$49,0)),"Choice not made!",INDEX('Elimination Rounds'!$A$2:$A$49,MATCH($A12&D$1,'Elimination Rounds'!$B$2:$B$49,0))) -> DR Congo | E12: =IF(ISNA(MATCH($A12&E$1,'Elimination Rounds'!$B$2:$B$49,0)),"Choice not made!",INDEX('Elimination Rounds'!$A$2:$A$49,MATCH($A12&E$1,'Elimination Rounds'!$B$2:$B$49,0))) -> Uzbekistan
A13: L | B13: =IF(ISNA(MATCH($A13&B$1,'Elimination Rounds'!$B$2:$B$49,0)),"Choice not made!",INDEX('Elimination Rounds'!$A$2:$A$49,MATCH($A13&B$1,'Elimination Rounds'!$B$2:$B$49,0))) -> England | C13: =IF(ISNA(MATCH($A13&C$1,'Elimination Rounds'!$B$2:$B$49,0)),"Choice not made!",INDEX('Elimination Rounds'!$A$2:$A$49,MATCH($A13&C$1,'Elimination Rounds'!$B$2:$B$49,0))) -> Croatia | D13: =IF(ISNA(MATCH($A13&D$1,'Elimination Rounds'!$B$2:$B$49,0)),"Choice not made!",INDEX('Elimination Rounds'!$A$2:$A$49,MATCH($A13&D$1,'Elimination Rounds'!$B$2:$B$49,0))) -> Ghana | E13: =IF(ISNA(MATCH($A13&E$1,'Elimination Rounds'!$B$2:$B$49,0)),"Choice not made!",INDEX('Elimination Rounds'!$A$2:$A$49,MATCH($A13&E$1,'Elimination Rounds'!$B$2:$B$49,0))) -> Panama
A16: TOTAL ERRORS | B16: =COUNTIF(B2:E13,"Choice not made!")+COUNTIF(H2:H6,"DID NOT SELECT CORRECT NUMBER") -> 0
A18: =IF(B16=0,"GOOD TO GO!","NOT READY TO SUBMIT (SEE ERRORS ABOVE)") -> GOOD TO GO!
